Task_ID,Messobjekt,Run_ID,Status,Gewaehltes_k,Finale_Kosten_J,cost_crlb,cost_move,cost_obs,cost_inter,k_Verlauf,Kosten_Verlauf,Rechenzeit_Verlauf_s,Rechenzeit_gesamt_s,w_move,w_obs,d_safe,d_crash,robot_types,N_Roboter,N_Drohnenposen,Gruppengroessen,Formationen
tpat_S1_N6_wm1.0_wo1.0_tp5_eps0.0001_r01,Szenario_1_Final,1,abbruchkriterium,3,397.1660258601635,276.89701719983225,120.23636163965959,0.0077829882711113706,0.02486403240049088,"[1, 2, 3, 4]","[492.5885054447908, 432.5787370163363, 397.1660258601635, 425.8461606230538]","[49.2386, 55.4701, 53.5838, 30.3016]",188.5941,1.0,1.0,1.0,0.15,AAAABB,6,24,"[8, 8, 8]","[[-9.9407, -3.8877, 1.0982, 5.9107, -6.6231, -1.3216, -2.2658, 3.9049, -8.5957, 6.1576, -1.7983, -3.4211], [3.5101, -3.2652, -3.6165, -1.6548, -4.7845, -1.3273, -2.5146, -6.5635, 4.1895, -9.9355, 6.5603, 0.6419], [-3.1858, 3.8053, 1.4123, 2.9689, 2.902, -3.45, 1.079, 7.7971, 8.3772, 7.9284, 7.241, -0.4734]]"
tpat_S1_N6_wm1.0_wo1.0_tp30_eps0.0001_r01,Szenario_1_Final,1,abbruchkriterium,3,399.51532487556267,273.799422559889,125.69401139206224,0.0,0.021890923611411917,"[1, 2, 3, 4]","[512.2568905543332, 429.757617336355, 399.51532487556267, 429.3576817023385]","[28.7602, 30.6509, 36.5544, 41.542]",137.5075,1.0,1.0,1.0,0.15,AAAABB,6,24,"[8, 8, 8]","[[1.0819, 5.9096, -3.2422, 3.5681, -7.1477, -2.3859, 1.7731, 6.9241, -9.6653, 5.2136, -1.7984, -3.4447], [-1.3324, -9.9275, -5.1044, -1.2181, -3.5499, -9.489, -1.9232, -3.7849, 4.5686, -0.5942, 5.9503, -7.6652], [9.2506, 1.5138, 2.908, -3.761, 4.749, 0.1816, 1.5286, 4.5493, -3.9624, 4.1948, 5.5025, 9.5681]]"
tpat_S1_N6_wm1.0_wo1.0_tp10_eps0.0001_r02,Szenario_1_Final,1,abbruchkriterium,3,400.3543268110763,273.12546855417617,127.20815162289679,0.020706634003409764,0.0,"[1, 2, 3, 4]","[446.1062865328238, 421.54799823603634, 400.3543268110763, 419.3100285877367]","[25.1737, 26.2728, 36.0732, 22.5784]",110.0981,1.0,1.0,1.0,0.15,AAAABB,6,24,"[8, 8, 8]","[[-5.0774, 6.8353, -8.197, -4.2359, -1.4171, -4.7748, -3.9714, -1.5448, -9.9273, 3.2481, -0.2816, 4.2641], [-2.1566, -3.4721, 3.4393, -2.4058, -5.4214, -1.1056, 6.2002, 0.5922, 6.2395, -8.3618, -2.8161, -9.8821], [1.2673, 9.1131, 6.5027, 8.7213, 1.4085, 4.1622, -3.4948, 3.9016, 2.8125, -2.4753, 8.7335, 1.9706]]"
tpat_S1_N6_wm1.0_wo1.0_tp20_eps0.0001_r02,Szenario_1_Final,1,abbruchkriterium,3,398.84068977263803,274.0558272743965,124.78486249824144,0.0,0.0,"[1, 2, 3, 4]","[476.9683883600671, 429.42648933860266, 398.84068977263803, 423.15725196697036]","[1773.1243, 20.9875, 31.1416, 50.3372]",1875.5906,1.0,1.0,1.0,0.15,AAAABB,6,24,"[8, 8, 8]","[[0.7896, 5.5067, -7.6458, -3.3354, -5.2463, 7.9241, -2.6087, 3.6183, -9.9475, 2.2059, -1.8998, -3.1423], [-4.3426, -9.5764, 4.0263, -2.4913, 6.1105, 0.4941, -1.7476, -4.4036, -5.8292, -1.0967, 4.1419, -9.9214], [0.8464, 4.9119, 4.6031, 0.91, 3.0153, 9.2952, -2.8993, 3.706, 3.1026, -4.4802, 9.9491, 3.7286]]"
tpat_S1_N6_wm1.0_wo1.0_tp5_eps0.0001_r03,Szenario_1_Final,1,abbruchkriterium,3,400.142886682627,276.4898403768327,123.6530463057943,0.0,0.0,"[1, 2, 3, 4]","[511.4708786523631, 459.9546103311655, 400.142886682627, 422.86402936857235]","[28.8595, 23.3043, 26.5675, 21.8787]",100.61,1.0,1.0,1.0,0.15,AAAABB,6,24,"[8, 8, 8]","[[1.8147, 7.4758, -9.5114, -2.1186, -1.3166, -5.2101, -4.4361, -2.1051, -0.8814, 3.5618, -8.1014, 5.7533], [7.0372, -8.9633, 3.7134, -1.0411, 4.2991, -5.4307, 6.2249, 0.5706, -3.6333, -1.713, -2.2126, -8.9428], [2.8163, -3.1949, 1.5279, 4.7063, 9.2865, 1.4646, 4.7641, 0.2138, -3.9658, 4.2002, 5.6396, 9.8122]]"
tpat_S1_N6_wm1.0_wo1.0_tp30_eps0.0001_r03,Szenario_1_Final,1,abbruchkriterium,3,407.3569424842145,277.7212400909182,129.60331248017332,0.032389913123021856,0.0,"[1, 2, 3, 4]","[494.7839743485932, 436.58133518491945, 407.3569424842145, 416.68143021182937]","[26.659, 35.8285, 45.0712, 34.0468]",141.6055,1.0,1.0,1.0,0.15,AAAABB,6,24,"[8, 8, 8]","[[-4.7455, -2.1301, -9.8756, -1.9375, -1.4054, -4.7746, 1.2826, 7.9216, -8.1854, 5.7061, -0.9864, 3.3682], [1.645, -9.9484, 6.581, -8.9397, -2.7966, -7.1461, 3.4749, -3.6515, 6.2529, 0.5114, -3.6267, -1.6975], [2.1033, 9.7391, 6.0357, 8.5863, 1.3411, 4.252, -3.6129, 4.3808, 2.8975, -2.02, 8.9368, 2.1591]]"
tpat_S1_N6_wm1.0_wo1.0_tp15_eps0.0001_r04,Szenario_1_Final,1,abbruchkriterium,3,410.6146811521778,286.0995608589463,124.44567290101227,0.06944739221919956,0.0,"[1, 2, 3, 4]","[463.62755199720414, 431.07573481182, 410.6146811521778, 428.5340013287707]","[31.7075, 23.3938, 35.4048, 30.1567]",120.6628,1.0,1.0,1.0,0.15,AAAABB,6,24,"[8, 8, 8]","[[1.0943, 5.9136, -4.7946, 6.6826, -1.8497, 2.8402, -1.8139, -2.9317, -9.9334, 4.8862, -7.3339, -3.2305], [-2.903, 2.9749, 5.6673, -6.8731, -1.0703, -9.9311, -1.4683, -5.5186, 4.669, -0.4919, -5.5307, -1.2874], [1.5418, 4.5416, 9.3847, 1.501, 2.9001, -3.6947, 4.8179, 0.1607, -3.9655, 4.1952, 5.5322, 9.6426]]"
tpat_S1_N6_wm1.0_wo1.0_tp40_eps0.0001_r04,Szenario_1_Final,1,abbruchkriterium,3,401.24953948666996,276.83146549431603,124.41807294762626,0.0,1.0447276630717301e-06,"[1, 2, 3, 4]","[486.95440752024354, 436.3129597911741, 401.24953948666996, 424.86508439501307]","[49.0381, 29.2645, 23.2274, 22.9008]",124.4308,1.0,1.0,1.0,0.15,AAAABB,6,24,"[8, 8, 8]","[[-1.317, -5.2794, -9.9134, -3.1965, -5.3095, -1.1267, -1.6066, -3.81, -0.0858, 4.5808, -7.6691, 5.4509], [-4.0768, -9.8296, -5.1181, -1.2054, -2.3616, -4.3405, 8.0085, -4.7698, 3.2659, -9.7399, 3.601, -1.1874], [3.0044, -3.9985, 7.6457, -2.8874, 4.456, 0.9683, 1.8078, 7.2151, -1.9645, 3.4947, 8.7911, 6.7976]]"
tpat_S1_N6_wm1.0_wo1.0_tp20_eps0.0001_r05,Szenario_1_Final,1,abbruchkriterium,3,405.598382366871,282.700202205128,122.81593801114522,0.08224215059776963,0.0,"[1, 2, 3, 4]","[483.5024190891219, 424.444552979827, 405.598382366871, 423.0035021557804]","[28.1278, 28.2913, 23.3132, 37.386]",117.1183,1.0,1.0,1.0,0.15,AAAABB,6,24,"[8, 8, 8]","[[0.4952, 5.1224, -4.8914, 7.5521, -1.8012, -2.9359, -2.1614, 2.8429, -7.2625, -3.3926, -9.9469, 4.5736], [-2.6783, -9.0111, -6.2111, -0.9014, 5.0517, -6.0716, 2.3859, -9.9442, -2.5723, -2.8716, 4.861, -0.3867], [6.2408, -3.6089, 2.7214, -2.4939, 9.9417, 3.21, 4.8741, 1.6097, -2.1678, 3.6084, 3.9458, 8.4375]]"
tpat_S1_N6_wm1.0_wo1.0_tp5_eps0.0001_r06,Szenario_1_Final,1,abbruchkriterium,3,406.02628024200385,280.6962560777183,125.32122353071037,0.0,0.008800633575219095,"[1, 2, 3, 4]","[476.5046172986775, 426.86426827522996, 406.02628024200385, 429.7472202128191]","[38.7731, 37.8816, 15.8967, 17.9582]",110.5096,1.0,1.0,1.0,0.15,AAAABB,6,24,"[8, 8, 8]","[[-2.4502, 3.3752, -7.8593, -3.4376, -4.7791, 7.3961, 0.9957, 5.8127, -1.9731, -3.3657, -9.8391, 2.3731], [3.2677, -2.6044, 6.1147, 0.4826, 4.9258, -9.6383, 6.4668, -6.6871, -2.6896, -8.8571, -3.6312, -1.7003], [-3.3218, 3.9329, 4.9989, 1.4284, 0.1319, 5.5703, -2.0697, 3.5313, 7.221, 8.804, 5.3356, -2.4183]]"
tpat_S1_N6_wm1.0_wo1.0_tp15_eps0.0001_r06,Szenario_1_Final,1,abbruchkriterium,3,406.1339847122512,275.8631361039393,130.27084860831195,0.0,0.0,"[1, 2, 3, 4]","[509.9856814154564, 431.8671802707703, 406.1339847122512, 413.8412044560068]","[29.8455, 24.3097, 31.4321, 24.9904]",110.5777,1.0,1.0,1.0,0.15,AAAABB,6,24,"[8, 8, 8]","[[-2.1431, 3.3324, 1.2962, 6.2047, -4.551, 7.213, -7.2507, -2.8101, -9.9485, 2.747, -1.7996, -3.4292], [-2.9237, -9.6796, -1.4553, -4.1367, 4.8521, -5.5335, 3.1589, -9.9499, 5.3534, -0.0852, -5.8415, -1.1012], [0.3595, 5.2064, 4.6865, 1.2216, -3.5877, 4.1068, 9.8853, 0.2499, 6.9336, 8.2889, 3.003, -3.6345]]"
tpat_S1_N6_wm1.0_wo1.0_tp15_eps0.0001_r07,Szenario_1_Final,1,abbruchkriterium,3,407.70758369074485,281.46232607570875,126.24056028581563,0.00469732922046773,0.0,"[1, 2, 3, 4]","[489.6446356941598, 423.02031927651467, 407.70758369074485, 434.80198304554574]","[29.9849, 23.8135, 23.0747, 26.0293]",102.9024,1.0,1.0,1.0,0.15,AAAABB,6,24,"[8, 8, 8]","[[-5.7368, 5.9524, -1.6259, 3.1158, -8.4948, 6.4903, 1.0976, 5.9201, -8.8218, -1.6243, -1.8407, -3.5802], [4.0117, -0.8149, 5.5869, -3.2248, -3.3324, 1.5726, -1.3758, -2.9859, -4.3856, -7.2858, 4.9383, -9.9141], [1.7096, 4.8102, 4.1294, 9.504, 5.7081, 0.883, 9.8485, 4.1851, -3.6602, 4.0954, 3.0025, -3.74]]"
tpat_S1_N6_wm1.0_wo1.0_tp30_eps0.0001_r07,Szenario_1_Final,1,abbruchkriterium,3,404.57296567449197,278.82580840734954,125.68533542654706,0.06182184059535622,0.0,"[1, 2, 3, 4]","[473.0277592179382, 440.0934009938634, 404.57296567449197, 428.4795238474188]","[25.2969, 53.9106, 53.9964, 53.7951]",186.999,1.0,1.0,1.0,0.15,AAAABB,6,24,"[8, 8, 8]","[[-0.3074, 4.1011, -7.609, -4.7655, -2.8509, -0.9047, -1.5034, -4.3922, -9.9418, 0.2913, -5.5432, 6.7822], [-5.1145, -1.2007, -2.0344, -3.4585, 5.7211, 0.298, 3.7142, -2.6814, -3.0451, -9.8934, 6.2787, -8.8437], [9.9492, 3.7873, 5.7006, 1.3031, 5.8339, 8.898, -3.9889, 4.1023, 2.9007, -3.1813, 0.2937, 5.3815]]"
tpat_S1_N6_wm1.0_wo1.0_tp10_eps0.0001_r08,Szenario_1_Final,1,abbruchkriterium,3,405.62051273162876,278.2738404468962,127.34667228473262,0.0,0.0,"[1, 2, 3, 4]","[475.4376308315437, 433.2270358244951, 405.62051273162876, 425.86642067652457]","[22.4054, 20.4475, 21.4698, 35.24]",99.5627,1.0,1.0,1.0,0.15,AAAABB,6,24,"[8, 8, 8]","[[1.5735, 7.3369, -9.9494, 2.3974, -6.6459, 5.7186, -6.7579, -1.7064, -1.7039, -4.1008, -0.784, 3.6664], [6.9077, -7.2089, 4.8001, -9.5836, 5.7093, 0.2995, 3.4845, -2.8794, -3.237, -1.7983, -2.8226, -8.924], [1.2833, 4.3867, -3.0876, 3.8091, 5.845, 0.5762, 0.6107, 8.8963, 9.4507, 5.9349, 2.9025, -3.1712]]"
tpat_S1_N6_wm1.0_wo1.0_tp5_eps0.0001_r09,Szenario_1_Final,1,abbruchkriterium,3,406.0018972347191,277.6967838297926,128.3051134049266,0.0,0.0,"[1, 2, 3, 4]","[465.1547201534986, 421.36724419851504, 406.0018972347191, 426.5403257569426]","[56.1308, 29.6876, 37.9245, 29.154]",152.8969,1.0,1.0,1.0,0.15,AAAABB,6,24,"[8, 8, 8]","[[-4.7772, -1.512, -3.8938, 4.2, -9.4879, 5.9402, -9.9175, -1.522, 1.0148, 5.9649, -1.4981, -4.7239], [-4.3883, -1.409, 2.5877, -9.9401, -1.6055, -3.1135, 4.0049, -0.8052, -3.5103, -9.9456, 6.5552, -5.7654], [0.3061, 4.9115, -3.6844, 4.0404, 4.8195, 1.1855, 9.944, 0.4216, 6.5151, 8.453, 3.0031, -3.6757]]"
tpat_S1_N6_wm1.0_wo1.0_tp20_eps0.0001_r09,Szenario_1_Final,1,abbruchkriterium,3,405.3814976398218,282.0537237998959,123.32777383992595,0.0,0.0,"[1, 2, 3, 4]","[476.4977166443006, 462.6829963850507, 405.3814976398218, 420.2467520424053]","[27.3384, 27.4343, 23.3332, 30.3041]",108.41,1.0,1.0,1.0,0.15,AAAABB,6,24,"[8, 8, 8]","[[-9.366, -2.5, -1.5002, -4.3061, 1.2974, 6.2007, -4.3772, -1.9606, -9.5115, 5.7467, -1.8801, 4.2717], [-5.8019, -1.0041, -3.9035, -9.4219, 5.71, 0.2976, 4.3914, -2.8007, -2.3769, -3.2582, 3.8566, -9.9162], [2.9004, -3.849, 9.2195, -0.2651, 9.5803, 5.0159, 4.269, 0.8862, -1.9142, 3.4948, 3.4179, 8.6033]]"
tpat_S1_N6_wm1.0_wo1.0_tp5_eps0.0001_r10,Szenario_1_Final,1,abbruchkriterium,3,407.1528381908827,278.3621966503989,128.79064154048376,0.0,0.0,"[1, 2, 3, 4]","[512.793117381598, 414.9534000008573, 407.1528381908827, 426.57285760698835]","[32.9762, 37.4893, 30.1959, 39.9322]",140.5936,1.0,1.0,1.0,0.15,AAAABB,6,24,"[8, 8, 8]","[[-9.945, 2.3457, -6.5852, 5.7552, 1.6622, 7.2824, -6.693, -1.6837, -0.7807, 3.6695, -1.6989, -4.2441], [-1.7456, -6.5915, 5.6434, -9.8788, -4.0592, -9.8723, 4.523, -6.103, -3.6798, -1.8057, 4.4041, -0.6854], [-3.4798, 3.9004, 0.829, 4.7272, 2.7126, 9.0852, 4.7043, 0.8729, 9.9495, 4.0231, 3.0993, -4.4606]]"
tpat_S1_N6_wm1.0_wo1.0_tp30_eps0.0001_r10,Szenario_1_Final,1,abbruchkriterium,3,396.6226904114259,274.57381027899584,122.02193192711847,0.026948205311550014,0.0,"[1, 2, 3, 4]","[487.02570938313755, 437.2173044018471, 396.6226904114259, 420.5390734120132]","[44.3235, 34.6646, 52.4409, 46.8489]",178.2779,1.0,1.0,1.0,0.15,AAAABB,6,24,"[8, 8, 8]","[[-2.0464, 2.9501, -1.9105, -2.9096, -5.2869, 7.659, 0.9847, 5.8118, -7.4599, -3.1701, -9.9263, 4.7801], [-5.4635, -1.1006, 4.8657, -0.3075, 3.6198, -2.7756, -2.2316, -3.691, 6.783, -8.1104, -2.5286, -9.9169], [2.9003, -3.559, 1.505, 4.6242, 4.781, 0.2096, 9.3581, 1.5151, -3.664, 4.0982, 5.5561, 9.7203]]"
tpat_S1_N6_wm1.0_wo1.0_tp30_eps0.0001_r11,Szenario_1_Final,1,abbruchkriterium,3,397.0495783049241,272.72213486746296,124.32744343746116,0.0,0.0,"[1, 2, 3, 4]","[466.89136660538793, 409.9268225305497, 397.0495783049241, 426.89753136745054]","[80.2121, 51.1973, 35.1982, 28.335]",194.9426,1.0,1.0,1.0,0.15,AAAABB,6,24,"[8, 8, 8]","[[-1.4006, -4.7006, -9.5811, -2.4326, -3.0011, 3.4798, -4.3006, -2.107, 1.1165, 6.1643, -9.3103, 6.3848], [-1.6681, -3.3915, -1.2682, -9.9269, -5.1783, -1.204, -4.1027, -7.6905, 5.6445, -7.9595, 4.5617, -0.5924], [1.494, 5.0427, 2.813, -3.1814, 8.9799, 0.205, 4.4364, 0.3247, -3.8685, 4.2309, 6.5707, 9.078]]"
tpat_S1_N6_wm1.0_wo1.0_tp15_eps0.0001_r12,Szenario_1_Final,1,abbruchkriterium,3,411.342378196598,285.0933415793211,126.24903661727696,0.0,0.0,"[1, 2, 3, 4]","[481.5786836391247, 415.348298165985, 411.342378196598, 429.08703947800996]","[23.3559, 21.5345, 24.288, 21.4077]",90.5861,1.0,1.0,1.0,0.15,AAAABB,6,24,"[8, 8, 8]","[[0.9954, 5.8013, 1.3955, -3.2011, -2.925, 3.7402, -7.0272, 7.1413, -9.2859, -0.9861, -2.0012, -3.7322], [4.5794, -5.6113, -3.23, -9.9374, -1.7978, -5.0225, 4.9769, -9.933, -4.7436, -1.4, 4.858, -0.3861], [1.6264, 8.3545, 4.828, 6.8189, 9.9161, 2.9607, 5.8965, 1.3474, -1.8837, 3.499, 3.0156, -3.5774]]"
tpat_S1_N6_wm1.0_wo1.0_tp40_eps0.0001_r12,Szenario_1_Final,1,abbruchkriterium,3,402.3784595961587,277.74440036109894,124.6340592350598,0.0,0.0,"[1, 2, 3, 4]","[474.04175193211654, 424.85356788474263, 402.3784595961587, 424.4459536711662]","[24.6049, 24.2673, 23.8121, 27.9496]",100.6339,1.0,1.0,1.0,0.15,AAAABB,6,24,"[8, 8, 8]","[[3.623, 4.1433, -1.0837, 3.2716, -1.3009, -5.2799, -3.8234, -1.9654, -5.3283, 6.7811, -9.9448, -1.0435], [-2.3843, -3.9457, 3.3165, -3.1331, -3.2029, -9.2532, -4.762, -1.3001, 6.5583, 0.7001, 5.5327, -9.7731], [4.1063, 9.75, 5.9919, 1.0694, 1.8389, 4.8923, 9.9216, 4.5675, 2.9018, -3.1686, -3.6301, 4.2016]]"
tpat_S1_N6_wm1.0_wo1.0_tp15_eps0.0001_r13,Szenario_1_Final,1,abbruchkriterium,3,399.4473784406333,277.42213515633154,122.02524328430184,0.0,0.0,"[1, 2, 3, 4]","[485.4100817349258, 461.9786575953157, 399.4473784406333, 421.6047098896297]","[23.3446, 49.4448, 48.1101, 53.585]",174.4845,1.0,1.0,1.0,0.15,AAAABB,6,24,"[8, 8, 8]","[[-3.6464, -1.72, -1.3007, -5.2029, 0.7996, 5.5033, -2.379, 3.7916, -9.948, -2.2263, -8.2144, 6.9948], [-4.74, -8.5756, -1.6611, -4.8711, -2.8812, 2.6841, -4.3646, -1.499, 5.2985, -8.2175, 4.6609, -0.4868], [4.9173, 1.2849, 2.1465, 6.1, 9.8932, 1.4266, 6.6418, 9.0374, 3.0027, -3.8291, -2.8542, 3.8219]]"
tpat_S1_N6_wm1.0_wo1.0_tp15_eps0.0001_r14,Szenario_1_Final,1,abbruchkriterium,3,411.0581001710361,281.6503346946518,129.33237907168896,0.0753864046953095,0.0,"[1, 2, 3, 4]","[466.45179643544657, 420.30656326320235, 411.0581001710361, 428.1077244592265]","[37.4836, 32.5225, 35.0459, 25.1471]",130.1991,1.0,1.0,1.0,0.15,AAAABB,6,24,"[8, 8, 8]","[[-2.6464, 3.5582, -4.6884, 8.002, -7.3327, -3.0412, 0.4995, 5.1215, -9.9472, 2.2605, -1.7985, -3.4222], [-7.0049, -0.8783, 6.0354, -8.7077, 4.3637, -3.4667, 5.4522, 0.0536, -2.1177, -9.9106, -2.1727, -2.8011], [9.8413, 4.3651, -4.5156, 4.3017, 5.5673, 1.252, 5.3823, 8.5045, 3.0019, -3.6359, 0.0331, 5.1559]]"
tpat_S1_N6_wm1.0_wo1.0_tp40_eps0.0001_r14,Szenario_1_Final,1,abbruchkriterium,3,402.216633668488,277.92135825865074,124.29489277190783,0.00038263792943237846,0.0,"[1, 2, 3, 4]","[506.31459636147633, 437.0116045390197, 402.216633668488, 432.885785964806]","[36.7258, 27.7809, 31.8969, 23.1814]",119.585,1.0,1.0,1.0,0.15,AAAABB,6,24,"[8, 8, 8]","[[-3.1289, -1.6249, -1.5015, -4.5433, -7.9151, -2.9465, 0.8981, 5.7004, -2.3755, 5.1363, -9.9471, 4.09], [3.0308, -1.9088, 6.3511, -4.8422, -3.424, -7.0528, 6.7193, 0.8821, -3.6791, -1.7001, 2.2265, -9.9467], [5.5093, 0.9917, 9.9465, 3.598, 4.5629, 9.6254, 1.8084, 5.1056, -3.4569, 3.995, 3.0005, -3.8477]]"
tpat_S1_N6_wm1.0_wo1.0_tp15_eps0.0001_r15,Szenario_1_Final,1,abbruchkriterium,3,401.3555051465768,275.57133386506706,125.7024313121676,0.0817399693421666,0.0,"[1, 2, 3, 4]","[532.5368708308142, 452.21661548304064, 401.3555051465768, 443.8872276052617]","[32.928, 32.6911, 23.0563, 23.7736]",112.449,1.0,1.0,1.0,0.15,AAAABB,6,24,"[8, 8, 8]","[[-5.1459, 7.8061, 1.0988, 5.9017, -7.3642, -3.2702, -2.5487, 3.5406, -9.9374, 2.2857, -1.9004, -3.1098], [-4.9636, -1.3141, -2.7581, -2.0859, -2.8707, -7.182, 3.566, -3.4811, 6.3072, 0.5107, 4.6118, -9.9337], [6.3101, 9.2527, -2.8806, 3.7229, 1.8968, 4.3206, -0.0372, 8.9395, 2.9278, -2.3372, 9.0073, 2.4366]]"
tpat_S1_N6_wm1.0_wo1.0_tp40_eps0.0001_r15,Szenario_1_Final,1,abbruchkriterium,3,397.8457806476325,274.9344616664586,122.89658270942755,0.014736271746325521,0.0,"[1, 2, 3, 4]","[466.5308435180279, 425.2527341642975, 397.8457806476325, 425.03952216182677]","[24.9064, 31.8044, 30.9118, 49.5302]",137.1528,1.0,1.0,1.0,0.15,AAAABB,6,24,"[8, 8, 8]","[[-6.1824, 7.8073, -7.3335, -3.8251, 1.0965, 5.927, -2.6175, 3.8626, -9.8963, 1.8959, -1.9138, -2.9417], [-5.6646, -1.1017, 4.36, -5.5292, 7.6196, -9.0348, -2.2552, -3.0615, -2.199, -9.8495, 4.6723, -0.4923], [2.5226, 9.9409, 4.5043, -0.4532, 3.0418, -4.2283, 1.7763, 4.6912, -3.3895, 3.996, 9.0965, 4.59]]"
tpat_S1_N6_wm1.0_wo1.0_tp15_eps0.0001_r16,Szenario_1_Final,1,abbruchkriterium,3,406.76388384736674,276.2377823596614,130.52472057756904,0.0013809101362760715,0.0,"[1, 2, 3, 4]","[508.4164701549579, 417.95836340350166, 406.76388384736674, 421.5429523459778]","[23.5204, 23.917, 47.2951, 46.2051]",140.9376,1.0,1.0,1.0,0.15,AAAABB,6,24,"[8, 8, 8]","[[-6.6338, 6.3038, -4.4723, -2.7513, -1.5256, 8.3231, -1.455, -5.135, -1.2882, 3.0142, -9.9474, 0.7956], [-1.9014, -9.9057, -5.4085, -1.1089, -3.4601, -9.1725, -1.9838, -3.6055, 5.8996, -7.8168, 4.2585, -0.7922], [1.9525, 5.7279, 5.1165, 1.1182, 9.9484, 2.5198, 5.7643, 9.3513, 2.9999, -3.8504, -2.8614, 3.7954]]"
tpat_S1_N6_wm1.0_wo1.0_tp20_eps0.0001_r17,Szenario_1_Final,1,abbruchkriterium,3,404.9887723460979,277.15487974318046,127.83389260291746,0.0,0.0,"[1, 2, 3, 4]","[468.97984013093776, 435.73115423895956, 404.9887723460979, 427.1001348055837]","[59.909, 33.9529, 23.5856, 23.34]",140.7875,1.0,1.0,1.0,0.15,AAAABB,6,24,"[8, 8, 8]","[[-9.8899, -1.6376, -5.5044, 5.2674, -1.114, -6.2186, -9.9171, 3.7577, -3.7114, -2.4112, 0.0163, 4.6612], [4.4045, -5.5965, -2.2347, -3.4112, 7.9372, -9.0797, -5.4965, -1.1251, 4.6558, -0.4933, -2.1532, -9.8554], [2.9005, -3.6255, 9.4524, 1.7155, 1.594, 4.5215, 4.8714, 0.175, -3.9393, 4.1947, 5.3591, 9.8265]]"
tpat_S1_N6_wm1.0_wo1.0_tp10_eps0.0001_r18,Szenario_1_Final,1,abbruchkriterium,3,397.51534844552214,272.05810500139887,125.43334288519799,0.023900558925335446,0.0,"[1, 2, 3, 4]","[505.3699718189615, 413.45355498290076, 397.51534844552214, 419.30935697678916]","[22.9987, 24.5105, 53.2083, 28.9668]",129.6843,1.0,1.0,1.0,0.15,AAAABB,6,24,"[8, 8, 8]","[[-9.9491, -2.8353, 0.9982, 5.829, -2.4409, 3.8076, -7.3149, -2.0375, -1.8992, -3.0799, -8.3398, 6.3194], [-1.9826, -3.5194, 5.9097, 0.3995, 3.811, -2.8908, -4.7299, -1.3015, 6.1215, -9.2521, -3.4369, -9.8891], [0.4291, 4.4868, -3.962, 4.1772, 9.9489, 0.9146, 6.0759, 1.5567, 5.0591, 8.9418, 2.7988, -2.4826]]"
tpat_S1_N6_wm1.0_wo1.0_tp30_eps0.0001_r18,Szenario_1_Final,1,abbruchkriterium,3,403.0510004620058,276.7906559324123,126.13355266677208,0.12679186282152052,0.0,"[1, 2, 3, 4]","[521.2579160286127, 416.5202789694255, 403.0510004620058, 433.8863472562372]","[31.3013, 23.0209, 43.2071, 32.3093]",129.8386,1.0,1.0,1.0,0.15,AAAABB,6,24,"[8, 8, 8]","[[-3.4189, 4.2658, -8.4734, 6.494, -1.3196, -6.6397, 0.0377, 4.6501, -9.8734, -1.6061, -2.6132, -2.3699], [3.9941, -2.4562, -1.7918, -4.7107, 6.2372, 0.5976, -4.2392, -9.9072, 4.6401, -9.6888, -5.1262, -1.297], [9.5186, 1.5318, 4.8778, 0.2039, 2.9187, -3.6918, 1.5829, 4.6161, -3.658, 4.0952, 5.5035, 9.7439]]"
tpat_S1_N6_wm1.0_wo1.0_tp10_eps0.0001_r19,Szenario_1_Final,1,abbruchkriterium,3,397.86093262824085,276.615385647304,121.2455469809369,0.0,0.0,"[1, 2, 3, 4]","[483.0854304590317, 421.7619067556244, 397.86093262824085, 418.0226333809127]","[47.2877, 22.9894, 33.2895, 25.3662]",128.9328,1.0,1.0,1.0,0.15,AAAABB,6,24,"[8, 8, 8]","[[-1.4021, -4.7147, -4.3557, -1.9956, 1.6432, 6.8009, -9.3746, -2.5833, -1.7294, 4.2054, -9.3276, 5.7672], [-1.9377, -4.0986, 3.4883, -1.4242, 6.5005, 0.7969, 5.7145, -6.0895, -5.8284, -1.1001, -0.9033, -9.948], [1.5528, 4.4584, 2.9002, -3.5944, 4.9071, 0.1601, 9.483, 1.8038, 5.2954, 9.7435, -3.9569, 4.1975]]"
tpat_S1_N6_wm1.0_wo1.0_tp30_eps0.0001_r19,Szenario_1_Final,1,abbruchkriterium,2,408.75897328597694,331.28697948844433,77.0662382959651,0.4057555015675055,0.0,"[1, 2, 3]","[476.2530323172332, 408.75897328597694, 412.21216995674627]","[43.8811, 22.5817, 22.9823]",89.4451,1.0,1.0,1.0,0.15,AAAABB,6,24,"[12, 12]","[[-6.5072, -0.8166, 0.8568, -4.3509, 1.9001, 2.6772, 4.7671, -4.6829, 9.4598, 2.136, 1.2524, 8.4191], [-2.8029, -0.0145, 1.3721, 3.8742, -1.6212, -6.5029, 2.2983, -3.5001, -5.5201, 6.0996, -9.5232, -4.0893]]"
tpat_S1_N6_wm1.0_wo1.0_tp5_eps0.0001_r20,Szenario_1_Final,1,abbruchkriterium,3,400.5395529564454,274.18485910357845,126.354693852867,0.0,0.0,"[1, 2, 3, 4]","[476.47212816160953, 440.1966907287691, 400.5395529564454, 428.14099403849235]","[50.7363, 50.3362, 33.6058, 31.9996]",166.6779,1.0,1.0,1.0,0.15,AAAABB,6,24,"[8, 8, 8]","[[0.0992, 4.6453, -3.6595, -1.8011, -1.4013, -4.8927, -2.6729, 3.8879, -8.5236, 6.7433, -9.8937, -2.6828], [3.7421, -2.3436, 6.1476, -7.2405, -1.8047, -4.024, 5.9022, 0.3984, -5.8263, -1.0971, -1.2753, -9.9473], [2.269, 9.2934, 9.9269, 2.9425, 4.0092, 6.2568, 5.8413, 1.3105, -1.7652, 3.4166, 3.0054, -3.7446]]"
tpat_S1_N6_wm1.0_wo1.0_tp20_eps0.0001_r20,Szenario_1_Final,1,abbruchkriterium,3,395.8394846022892,272.5125853855832,123.3268992167061,0.0,0.0,"[1, 2, 3, 4]","[480.06986168193276, 429.0786291200855, 395.8394846022892, 416.2663665633714]","[37.8094, 31.6487, 27.1441, 45.2095]",141.8117,1.0,1.0,1.0,0.15,AAAABB,6,24,"[8, 8, 8]","[[-3.1648, -1.6346, -1.1302, -6.2332, -6.358, 5.58, -8.458, 7.7185, -0.2044, 4.464, -9.6112, -2.0542], [-2.4538, -4.1385, -4.7152, -1.3046, 3.4527, -3.315, -3.163, -9.5039, 5.9634, 0.3142, 5.5763, -9.8561], [-3.4903, 3.9155, 0.7826, 4.2048, 2.9017, -3.8825, 4.3237, 0.1251, 3.7982, 9.5443, 9.9398, 2.6335]]"
tpat_S1_N6_wm1.0_wo1.0_tp20_eps0.0001_r21,Szenario_1_Final,1,abbruchkriterium,3,408.1814461094941,281.44498771722465,126.42185482745931,0.31460356481018553,0.0,"[1, 2, 3, 4]","[488.10039810677785, 417.1667478583295, 408.1814461094941, 438.3964048195492]","[30.6591, 29.9683, 29.3599, 31.4257]",121.413,1.0,1.0,1.0,0.15,AAAABB,6,24,"[8, 8, 8]","[[-1.5026, -4.3165, 0.6988, 5.4003, -6.385, -3.2476, -2.7738, 0.4544, -3.9375, 7.1167, -9.9487, 2.1545], [5.7137, 0.2922, 6.0797, -8.3449, -7.2208, -2.1182, 3.9546, -3.4062, -1.768, -9.7304, -2.7656, -2.0028], [1.4414, 4.6929, 5.7455, 1.0025, 2.7012, -2.4961, 7.5307, -2.8257, 6.903, 8.986, -3.6495, 4.0951]]"
tpat_S1_N6_wm1.0_wo1.0_tp40_eps0.0001_r21,Szenario_1_Final,1,abbruchkriterium,3,402.08205538446805,272.49919185374733,129.58286353072066,0.0,0.0,"[1, 2, 3, 4]","[492.0433037187355, 419.7947711498549, 402.08205538446805, 427.53387513950156]","[24.301, 24.7632, 25.5655, 34.6661]",109.2958,1.0,1.0,1.0,0.15,AAAABB,6,24,"[8, 8, 8]","[[-9.6641, -2.5869, -3.1966, 3.5098, -4.3087, -2.0933, -1.5009, -4.3033, 0.9202, 5.8625, -9.3959, 6.3442], [6.5352, 0.78, -3.9179, -9.4424, -1.4701, -4.3049, 4.336, -2.4956, -5.4434, -1.2082, 4.0658, -9.927], [4.7011, 0.8715, -3.1679, 3.8143, 2.693, 8.8999, 0.7023, 4.7296, 9.9432, 4.0784, 3.1095, -4.5188]]"
tpat_S1_N6_wm1.0_wo1.0_tp15_eps0.0001_r22,Szenario_1_Final,1,abbruchkriterium,3,418.3022219488903,290.7409799504665,127.56094182614856,0.0003001722751996899,0.0,"[1, 2, 3, 4]","[469.1836815214441, 439.9182240413543, 418.3022219488903, 429.4810716231485]","[36.2293, 26.0277, 21.3945, 22.105]",105.7565,1.0,1.0,1.0,0.15,AAAABB,6,24,"[8, 8, 8]","[[4.765, 1.2051, -9.9489, -1.5771, -5.8686, -0.8081, -6.152, 5.6222, -0.477, 4.7005, -1.4989, -4.7244], [7.7747, -6.1606, -3.0134, 1.8436, -6.0338, -5.5372, -2.2456, -4.1093, 4.0537, -0.8854, 2.1681, -9.9435], [9.9129, 5.1039, 1.8272, 4.7716, 6.1713, 0.9937, 3.9741, 9.7515, 2.9001, -3.1783, -3.7691, 4.1966]]"
tpat_S1_N6_wm1.0_wo1.0_tp40_eps0.0001_r22,Szenario_1_Final,1,abbruchkriterium,3,407.05676874706387,279.48379415215385,127.4674716225685,0.10550297234154789,0.0,"[1, 2, 3, 4]","[470.66427248055334, 424.3833766728277, 407.05676874706387, 421.19850073142817]","[22.9718, 21.2236, 23.0133, 24.1789]",91.3876,1.0,1.0,1.0,0.15,AAAABB,6,24,"[8, 8, 8]","[[-2.4262, 3.9284, 0.7984, 5.5646, -9.9394, -3.8635, -7.0493, -1.468, -1.8981, -3.1146, -8.6559, 6.2146], [-7.1459, -4.1349, 5.9592, -9.3808, 5.3079, -0.0081, 4.1599, -3.4461, -1.3906, -9.9309, -2.7591, -2.0044], [1.0897, 4.1781, 2.1154, 8.8679, 3.002, -4.2755, -2.887, 3.7005, 9.4736, 5.7837, 5.5021, -0.8408]]"
tpat_S1_N6_wm1.0_wo1.0_tp15_eps0.0001_r23,Szenario_1_Final,1,abbruchkriterium,3,402.7400905718206,272.3968835147124,130.3432070571083,0.0,0.0,"[1, 2, 3, 4]","[465.67426319445576, 422.17652880965585, 402.7400905718206, 424.66308275793006]","[23.4365, 23.2303, 27.0407, 25.5743]",99.2818,1.0,1.0,1.0,0.15,AAAABB,6,24,"[8, 8, 8]","[[-3.5635, -1.7858, 0.9967, 5.8094, -2.3764, 3.6858, -1.4079, -4.9676, -8.1457, 6.8777, -9.9304, -2.28], [4.7647, -5.7931, -1.6631, -5.8733, 5.6385, -9.8775, -3.3049, -9.939, 4.5788, -0.6153, -4.0399, -1.5998], [4.5507, 0.5112, 9.0348, 0.0757, 1.5617, 5.3672, 2.9157, -3.5707, 6.618, 9.2893, -2.859, 3.8035]]"
tpat_S1_N6_wm1.0_wo1.0_tp40_eps0.0001_r23,Szenario_1_Final,1,abbruchkriterium,2,420.09965240338323,343.8580124701151,76.21460010384916,0.027039829418970467,0.0,"[1, 2, 3]","[503.8346350733914, 420.09965240338323, 430.98036604366985]","[43.0999, 23.3454, 24.5591]",91.0044,1.0,1.0,1.0,0.15,AAAABB,6,24,"[12, 12]","[[1.2799, 6.4014, -2.5851, 3.6003, 0.1053, -4.7047, 2.9088, 0.3278, 7.2409, -5.3674, 9.0072, 5.3647], [-7.6483, 0.0023, 3.1042, 2.0693, 3.7583, -4.0004, -9.3172, -5.9209, -3.2989, 4.7457, -1.4173, -5.2232]]"
tpat_S1_N6_wm1.0_wo1.0_tp20_eps0.0001_r24,Szenario_1_Final,1,abbruchkriterium,3,408.4125936461745,276.17580369481874,132.23678995135583,0.0,0.0,"[1, 2, 3, 4]","[476.6393665356933, 433.14755306231416, 408.4125936461745, 423.5797786681968]","[32.7245, 30.6285, 33.2596, 28.2445]",124.8571,1.0,1.0,1.0,0.15,AAAABB,6,24,"[8, 8, 8]","[[-1.5024, -4.3569, -9.4351, -2.4608, -4.1629, -1.9923, -3.0533, 3.6738, -9.4309, 6.348, 1.2191, 6.2611], [5.7053, 0.299, -3.6893, -9.6032, -5.405, -1.1003, 4.2448, -2.719, 4.3113, -9.8703, -2.4948, -3.5655], [5.3619, 9.4428, 9.9449, 2.9206, 1.8899, 5.5658, 5.3382, 1.0306, 3.0077, -3.8536, -2.8573, 3.7949]]"
tpat_S1_N6_wm1.0_wo1.0_tp15_eps0.0001_r25,Szenario_1_Final,1,abbruchkriterium,3,392.69815201862576,275.72360917003175,116.73057377504102,0.24396907355298286,0.0,"[1, 2, 3, 4]","[483.1803550835524, 426.8500921276292, 392.69815201862576, 431.5224525167839]","[28.5917, 34.5858, 35.169, 53.6155]",151.962,1.0,1.0,1.0,0.15,AAAABB,6,24,"[8, 8, 8]","[[-1.4024, -4.727, -3.5588, -1.733, 0.8999, 5.7047, -2.4352, 3.8809, -9.931, -2.3502, -8.3654, 6.848], [-3.9784, -6.2233, -0.0651, -2.7194, 5.3069, -0.0052, -4.7154, -1.3127, 0.919, -9.944, 6.664, -4.9537], [2.9031, -3.8686, 1.6329, 4.4694, 4.7319, -0.022, 9.3632, 1.5919, -3.9186, 4.1994, 5.4943, 9.62]]"
tpat_S1_N6_wm1.0_wo1.0_tp15_eps0.0001_r26,Szenario_1_Final,1,abbruchkriterium,3,399.62776948860596,271.8155438557303,127.81222563287562,0.0,0.0,"[1, 2, 3, 4]","[501.6915027673376, 405.2603953679414, 399.62776948860596, 428.5452835590816]","[24.5616, 23.5354, 38.6985, 35.4269]",122.2224,1.0,1.0,1.0,0.15,AAAABB,6,24,"[8, 8, 8]","[[-2.662, 4.2015, -4.0538, -1.3007, -7.4431, 6.9651, 0.7968, 5.5035, -1.3984, -5.2959, -9.9497, -1.1391], [-2.4908, -4.1765, 3.3547, -3.377, -3.0812, -9.5413, -4.7005, -1.3016, 5.6856, -9.8259, 5.955, 0.3138], [4.8685, 1.1455, 9.9262, 2.1573, 1.8872, 5.9872, 6.3983, 9.0404, 3.1006, -4.1318, -2.8625, 3.7943]]"
tpat_S1_N6_wm1.0_wo1.0_tp40_eps0.0001_r26,Szenario_1_Final,1,abbruchkriterium,1,441.8537077782315,404.39715818006937,37.45654959816217,0.0,0.0,"[1, 2]","[441.8537077782315, 450.3211688013645]","[46.7988, 43.1177]",89.9165,1.0,1.0,1.0,0.15,AAAABB,6,24,[24],"[[-6.6734, -0.979, -1.1795, -6.503, 1.3737, 6.5277, -3.6093, 4.1393, 7.0641, 1.0, 3.4792, -5.276]]"
tpat_S1_N6_wm1.0_wo1.0_tp10_eps0.0001_r27,Szenario_1_Final,1,abbruchkriterium,3,401.4946286687227,275.2493079270277,126.23081366935672,0.014507072338280896,0.0,"[1, 2, 3, 4]","[469.7929979860371, 427.8359640765291, 401.4946286687227, 426.5565780341282]","[24.1144, 26.6139, 42.415, 23.8661]",117.0094,1.0,1.0,1.0,0.15,AAAABB,6,24,"[8, 8, 8]","[[-7.0762, -1.5397, -9.9477, -3.8562, 0.9997, 5.8021, -2.4368, 3.8184, -8.5553, 6.1465, -1.8984, -3.0903], [-5.1436, -1.2032, 5.944, -5.463, -4.1275, -7.3845, -1.4789, -3.1791, 5.0556, -0.2863, 2.4981, -9.9485], [1.3082, 4.2785, -3.6231, 4.0015, 0.1034, 8.8212, 7.0502, 0.4819, 2.8325, -2.4771, 8.6346, 6.7207]]"
tpat_S1_N6_wm1.0_wo1.0_tp30_eps0.0001_r27,Szenario_1_Final,1,abbruchkriterium,3,398.4177051459409,275.2501092601666,123.15595733505529,0.011638550719018585,0.0,"[1, 2, 3, 4]","[581.6341691971215, 432.5592847794993, 398.4177051459409, 422.47214115247283]","[50.4235, 35.5147, 53.1512, 28.6971]",167.7865,1.0,1.0,1.0,0.15,AAAABB,6,24,"[8, 8, 8]","[[-1.5014, -4.3027, -4.2328, -2.0508, -9.4297, -2.5102, -3.0999, 3.6035, 1.2141, 6.2615, -9.453, 6.349], [-3.666, -8.9622, -5.1261, -1.2027, -1.5288, -9.7795, -1.9484, -3.4728, 4.358, -0.6872, 5.7638, -7.7578], [2.8065, -2.7593, 0.8608, 7.6871, 1.4678, 2.9526, -3.4263, 3.9067, 7.7397, 8.3619, 7.5885, -0.2723]]"
tpat_S1_N6_wm1.0_wo1.0_tp10_eps0.0001_r28,Szenario_1_Final,1,abbruchkriterium,3,403.42703854957745,274.09042465606154,129.31981667528535,0.0,0.01679721823052976,"[1, 2, 3, 4]","[472.7057857943816, 434.36618711683445, 403.42703854957745, 425.94250404059994]","[24.4112, 27.8966, 34.7133, 28.6288]",115.6499,1.0,1.0,1.0,0.15,AAAABB,6,24,"[8, 8, 8]","[[-6.8442, -1.4935, -9.9396, -4.1045, 1.1967, 6.1051, -2.4492, 3.9768, -1.9004, -3.0682, -8.8235, 6.0449], [5.5954, -6.1862, -6.5159, -1.7466, -1.5077, -4.0179, -5.4366, -1.1044, 4.6543, -0.5069, -0.7518, -9.9422], [9.929, 4.0761, 5.6873, 0.9009, 4.1921, 9.5469, 1.8183, 4.8773, 2.9999, -3.8202, -3.6192, 4.1068]]"
tpat_S1_N6_wm1.0_wo1.0_tp30_eps0.0001_r28,Szenario_1_Final,1,abbruchkriterium,3,396.19158567343356,272.2823215349672,123.9092641384664,0.0,0.0,"[1, 2, 3, 4]","[505.8338800102027, 423.44745513245914, 396.19158567343356, 425.45744374730253]","[62.4422, 39.8614, 42.4442, 39.1829]",183.9307,1.0,1.0,1.0,0.15,AAAABB,6,24,"[8, 8, 8]","[[1.2888, 6.2147, -7.3985, -1.5689, -9.942, -3.5353, -2.424, 3.6987, -1.8983, -3.0598, -8.4064, 6.4045], [3.958, -2.9445, -1.7509, -3.7843, 5.7013, 0.2999, 6.2388, -7.9865, -6.2279, -1.0015, -1.763, -9.9487], [0.8205, 4.3932, 2.9021, -3.8939, 4.1817, 0.1953, -3.4723, 3.9011, 4.2222, 9.726, 9.9484, 2.3396]]"
tpat_S1_N6_wm1.0_wo1.0_tp15_eps0.0001_r29,Szenario_1_Final,1,abbruchkriterium,3,403.8606846377767,278.56039354337963,125.30021496258802,0.0,7.613180908483458e-05,"[1, 2, 3, 4]","[486.0995244428876, 420.81461508080577, 403.8606846377767, 422.5414342163932]","[33.1258, 28.9942, 41.137, 35.1212]",138.3782,1.0,1.0,1.0,0.15,AAAABB,6,24,"[8, 8, 8]","[[-3.3384, 3.4571, 0.647, 5.4963, -0.2006, 4.2823, -1.8732, -3.3223, -8.6227, 7.5445, -8.0766, -2.3298], [0.7169, -9.9424, 3.3814, -3.5519, -2.6865, -6.3326, 5.5798, -8.6874, -4.3543, -1.5363, 5.797, 0.1349], [1.9774, 6.1069, 6.8485, 8.8343, 9.9157, 1.8723, 4.8066, 1.1676, -2.8642, 3.7948, 3.0994, -4.2502]]"
tpat_S1_N6_wm1.0_wo1.0_tp10_eps0.0001_r30,Szenario_1_Final,1,abbruchkriterium,3,404.8423878231341,273.77897682543687,131.0634109976973,0.0,0.0,"[1, 2, 3, 4]","[480.3816357668981, 410.56306309362935, 404.8423878231341, 424.0816094345217]","[30.6902, 25.5646, 32.5701, 30.1747]",118.9996,1.0,1.0,1.0,0.15,AAAABB,6,24,"[8, 8, 8]","[[-1.33, -5.2631, -5.2634, 6.9083, -3.9078, -1.5788, -7.9162, -4.3323, -9.9282, 2.8826, -0.2873, 4.2777], [-3.5993, -9.3099, -1.9556, -3.634, -1.8304, -9.9333, -5.1516, -1.2069, 5.8259, -7.8522, 4.5151, -0.6902], [5.2504, 1.0113, 1.63, 5.3152, 5.1422, 9.5623, 9.9386, 3.348, -3.4642, 3.9988, 3.1002, -4.0626]]"
tpat_S1_N6_wm1.0_wo1.0_tp30_eps0.0001_r30,Szenario_1_Final,1,abbruchkriterium,3,413.7302911911046,281.67623938091214,131.84836560428369,0.20568620590879302,0.0,"[1, 2, 3, 4]","[490.87572207951104, 426.20345469697486, 413.7302911911046, 435.7606865771502]","[24.688, 38.8258, 35.5194, 32.1612]",131.1944,1.0,1.0,1.0,0.15,AAAABB,6,24,"[8, 8, 8]","[[0.9953, 5.8899, -8.8381, -1.4357, -2.9277, 4.5929, -7.7586, -7.0477, -9.8524, 5.252, -2.5611, -2.3751], [6.2001, 0.5997, -2.1179, -2.9415, -5.1538, 0.6142, 3.4095, -2.7325, 6.7635, -8.9533, -3.3971, -8.8551], [8.5047, -1.7532, 4.4252, 0.8648, 2.9055, -3.7331, 1.6223, 7.2043, -1.9652, 3.5082, 8.0927, 7.4122]]"
tpat_S1_N6_wm1.0_wo1.0_tp5_eps0.0001_r05,Szenario_1_Final,1,abbruchkriterium,3,412.240725655093,283.09645427826865,129.1442713768243,0.0,0.0,"[1, 2, 3, 4]","[483.07795441239466, 433.07317257384113, 412.240725655093, 426.05535593165473]","[52.5027, 27.3786, 27.3898, 26.3655]",133.6366,1.0,1.0,1.0,0.15,AAAABB,6,24,"[8, 8, 8]","[[-8.0025, 5.8459, -7.1901, -0.4371, -9.9389, -2.9532, 3.864, 1.8751, -1.7987, -3.5098, -1.822, 5.0818], [-4.7401, -1.3011, 6.8338, -5.7804, -2.1053, -3.916, -4.8687, -8.345, 4.0567, -0.8852, 2.2652, -9.9478], [1.6977, 5.1691, 5.3903, 0.9772, 9.9403, 3.4244, 4.7668, 9.5608, 3.0998, -3.9522, -3.4608, 3.9947]]"
tpat_S1_N6_wm1.0_wo1.0_tp15_eps0.0001_r08,Szenario_1_Final,1,abbruchkriterium,3,406.0307795877715,280.6284991133361,125.40228047443544,0.0,0.0,"[1, 2, 3, 4]","[471.22003188354984, 422.31861914226556, 406.0307795877715, 428.35702412147805]","[22.7957, 31.3121, 31.739, 54.1117]",139.9585,1.0,1.0,1.0,0.15,AAAABB,6,24,"[8, 8, 8]","[[-2.0526, 4.0274, -3.4595, -1.3156, -1.6079, -3.9403, 2.3616, 4.6537, -7.5755, 6.5053, -9.8487, -3.4341], [2.9657, -3.1246, 1.385, -9.9482, 6.1204, -7.4752, -2.6386, -6.8752, 6.5569, 0.7132, -4.7306, -1.4144], [1.4306, 4.7176, 0.1679, 8.8646, -2.8763, 3.7153, 5.9721, 0.7241, 2.9143, -3.1629, 9.7447, 6.246]]"
tpat_S1_N6_wm1.0_wo1.0_tp20_eps0.0001_r11,Szenario_1_Final,1,abbruchkriterium,3,403.3980877402696,273.32245283614503,130.07563490412457,0.0,0.0,"[1, 2, 3, 4]","[502.4972527060739, 429.5477864210113, 403.3980877402696, 436.36370493800393]","[23.951, 22.8964, 26.0448, 52.1208]",125.013,1.0,1.0,1.0,0.15,AAAABB,6,24,"[8, 8, 8]","[[-9.9314, 4.2738, -4.9081, -1.2193, -5.2422, 5.3989, -9.8767, -2.6429, 0.0159, 4.6708, -1.5079, -4.7263], [3.3938, -3.2955, -4.721, -1.3023, -2.7101, -9.187, -2.4074, -4.0394, 6.2579, 0.5148, 5.7138, -9.8501], [9.6766, 4.9178, 4.2353, 0.8933, 2.9022, -3.8678, 9.0088, -0.3411, 3.455, 8.5368, -1.9603, 3.4987]]"
tpat_S1_N6_wm1.0_wo1.0_tp30_eps0.0001_r13,Szenario_1_Final,1,abbruchkriterium,3,407.1969761153514,273.31887471300087,133.84166590994082,0.03643549240972663,0.0,"[1, 2, 3, 4]","[482.1085160519212, 424.597532615041, 407.1969761153514, 424.3761643447376]","[23.034, 31.6867, 34.2792, 36.2164]",125.2163,1.0,1.0,1.0,0.15,AAAABB,6,24,"[8, 8, 8]","[[-2.4175, 3.9933, 0.9815, 6.0657, -9.7798, -5.2639, -7.4014, -0.9393, -2.0659, -2.8809, -8.9282, 5.6713], [5.7051, 0.2996, 3.6166, -2.7019, -6.2022, -0.9007, -2.0769, -3.3647, 6.3556, -8.7908, -3.0106, -9.936], [9.6635, 5.0076, 4.0779, 0.9726, 3.0058, -3.9138, 8.936, -0.1874, 3.4066, 8.5532, -2.134, 3.5944]]"
tpat_S1_N6_wm1.0_wo1.0_tp20_eps0.0001_r16,Szenario_1_Final,1,abbruchkriterium,3,417.8252904295755,291.7268676830501,126.04141148942637,0.057011257098970876,0.0,"[1, 2, 3, 4]","[508.6991817769687, 421.5275258002047, 417.8252904295755, 436.0002059029649]","[40.9478, 35.3121, 48.0347, 39.0798]",163.3744,1.0,1.0,1.0,0.15,AAAABB,6,24,"[8, 8, 8]","[[-8.1533, -1.7944, -1.7891, -6.855, -9.9471, 3.2782, -5.0925, 4.5978, 0.4183, 5.1614, -2.0025, -2.8541], [-3.0752, -8.8732, 4.9552, -1.2167, -3.6654, -1.6138, 3.0414, -1.7457, -3.3389, -4.4737, 6.349, -8.7611], [4.9197, 0.5353, 3.0696, -3.8215, -1.1434, 8.8495, 9.9307, 1.8016, 5.4101, 7.9395, -1.1635, 3.1956]]"
tpat_S1_N6_wm1.0_wo1.0_tp10_eps0.0001_r17,Szenario_1_Final,1,abbruchkriterium,3,412.1832326580983,278.8259869831514,133.3572456749469,0.0,0.0,"[1, 2, 3, 4]","[498.4980128164761, 426.5149548587892, 412.1832326580983, 425.6057526965809]","[61.3132, 22.7612, 23.0137, 35.5198]",142.6079,1.0,1.0,1.0,0.15,AAAABB,6,24,"[8, 8, 8]","[[-1.3001, -5.3772, -9.5256, -1.357, -4.5638, 4.57, -9.9393, 4.6632, 0.6195, 5.4616, -3.2605, -2.5391], [6.204, 0.5994, 3.8039, -2.7743, -5.1282, -9.9325, -1.89, -7.1884, 5.5409, -9.2143, -3.2377, -1.8805], [3.0992, -4.4159, 3.4848, 9.9411, 2.6156, 6.5082, 4.1345, 0.1199, 9.5431, 2.895, -1.9626, 3.4981]]"
tpat_S1_N6_wm1.0_wo1.0_tp10_eps0.0001_r21,Szenario_1_Final,1,abbruchkriterium,3,393.2774341915963,272.0737220955626,121.18090912173656,0.0,0.02280297429710798,"[1, 2, 3, 4]","[460.7642851129202, 425.8033783619175, 393.2774341915963, 415.7885698315722]","[34.0094, 27.2667, 33.0977, 33.2071]",127.5809,1.0,1.0,1.0,0.15,AAAABB,6,24,"[8, 8, 8]","[[1.0751, 5.9002, -1.4211, -4.8016, -2.6207, 3.8547, -3.2499, -1.6866, -9.8452, -2.5814, -8.5876, 6.5096], [-2.925, -7.2963, 6.8242, 0.8991, 5.765, 0.2876, 3.5505, -3.5848, 4.6267, -9.9383, -3.2811, -1.7982], [2.9063, -3.8008, 9.4635, 1.6679, 4.851, 0.1851, 1.5377, 4.4728, -3.9598, 4.1965, 5.4196, 9.7772]]"
tpat_S1_N6_wm1.0_wo1.0_tp10_eps0.0001_r24,Szenario_1_Final,1,abbruchkriterium,3,399.503812274817,273.92527328719655,125.57853898762045,0.0,0.0,"[1, 2, 3, 4]","[464.08053869915307, 426.7709282606221, 399.503812274817, 423.8425559807077]","[37.0444, 44.2764, 34.0937, 36.829]",152.2435,1.0,1.0,1.0,0.15,AAAABB,6,24,"[8, 8, 8]","[[-9.3105, 6.1115, -5.0742, 6.3694, -2.1862, 2.9694, 1.0958, 5.9033, -8.885, -1.7514, -1.8018, -3.5724], [5.6027, 0.1974, 3.5064, -1.7051, 5.834, -6.3654, -1.9873, -4.2065, -5.8331, -1.1002, -0.9363, -9.9449], [2.211, 8.8073, -3.6404, 4.0331, 0.7551, 4.5383, 4.8522, 0.7664, 3.1349, -4.2542, 9.9096, 4.6004]]"
tpat_S1_N6_wm1.0_wo1.0_tp40_eps0.0001_r29,Szenario_1_Final,1,abbruchkriterium,3,403.01433244503727,281.0316767038495,121.98190937520258,0.0007463659852020669,0.0,"[1, 2, 3, 4]","[534.7861453278645, 433.0103382703775, 403.01433244503727, 428.9772756877335]","[27.3015, 21.7581, 22.757, 23.3326]",95.1492,1.0,1.0,1.0,0.15,AAAABB,6,24,"[8, 8, 8]","[[-9.7302, -1.1618, 3.01, 2.1029, -0.8278, 3.9334, -8.6453, -2.5201, -5.4583, 5.9023, -1.9285, -3.0674], [-2.2692, -3.877, -4.7036, -1.3004, 3.5202, -3.267, -3.1843, -8.9231, 6.4575, 0.6104, 5.5144, -9.9421], [5.3158, 1.1, 9.9377, 2.787, 1.8756, 5.5802, 5.218, 9.3974, -2.855, 3.7998, 3.0052, -3.8751]]"
tpat_S1_N6_wm1.0_wo1.0_tp5_eps0.0001_r07,Szenario_1_Final,1,abbruchkriterium,3,412.12648101072966,287.9175228352673,124.20895817546241,0.0,0.0,"[1, 2, 3, 4]","[477.04801072505063, 419.04868209467884, 412.12648101072966, 431.2598551053221]","[24.4354, 45.323, 60.7049, 65.1534]",195.6167,1.0,1.0,1.0,0.15,AAAABB,6,24,"[8, 8, 8]","[[-9.9445, 2.2707, -4.3727, -1.4674, -9.8944, -1.3662, 0.0946, 4.6143, -3.5358, 5.5692, -1.506, -4.7416], [-3.0148, 3.8253, 3.745, -5.6001, 5.7404, -9.8774, -2.6765, -7.8357, 5.353, -0.0852, -3.4239, -2.3247], [-2.8929, 3.7008, 2.2682, 8.994, 0.9259, 4.5382, 4.9195, 0.7767, 3.1045, -4.5407, 9.9367, 4.4158]]"
tpat_S1_N6_wm1.0_wo1.0_tp10_eps0.0001_r01,Szenario_1_Final,1,abbruchkriterium,3,400.0680124585386,272.1327179124141,127.93529454612451,0.0,0.0,"[1, 2, 3, 4]","[477.48895718123663, 415.87783099469084, 400.0680124585386, 424.5401983185268]","[52.3318, 53.6492, 42.5416, 37.8225]",186.3451,1.0,1.0,1.0,0.15,AAAABB,6,24,"[8, 8, 8]","[[-3.2385, 3.6439, -7.1391, -2.3396, -9.9473, 2.624, -8.3441, 6.8459, -1.7983, -3.4243, 1.3116, 6.37], [5.9719, 0.1282, -4.7319, -1.32, 3.3809, -1.954, -2.4999, -3.0001, -2.5142, -9.5727, 5.6139, -8.075], [5.0889, 1.0118, 9.8354, 3.0404, 1.6834, 5.4026, 5.383, 9.4583, 3.0998, -4.0313, -3.4585, 3.9943]]"
tpat_S1_N6_wm1.0_wo1.0_tp40_eps0.0001_r01,Szenario_1_Final,1,abbruchkriterium,3,411.35047433537613,283.680577532686,127.62945331480212,0.03343973053618884,0.0070037573517896575,"[1, 2, 3, 4]","[482.4691086848828, 435.239139613945, 411.35047433537613, 425.02479266743063]","[31.8619, 31.6919, 38.8086, 33.3564]",135.7188,1.0,1.0,1.0,0.15,AAAABB,6,24,"[8, 8, 8]","[[-8.3158, 5.6986, -8.013, 6.9964, -2.6425, 3.7472, 1.0975, 5.9009, -8.8626, -2.3891, -1.8991, -3.0177], [7.304, -2.6871, 3.8542, 2.5378, 2.753, -2.7298, -2.9633, -1.8011, -3.7346, -8.3726, 5.4081, -9.947], [-3.4993, 3.9017, 6.4602, 8.7524, 1.4298, 4.125, 1.192, 9.107, 2.799, -2.4844, 8.7444, 1.9369]]"
tpat_S1_N6_wm1.0_wo1.0_tp15_eps0.0001_r02,Szenario_1_Final,1,abbruchkriterium,3,401.43091513206696,277.5200829143781,123.88592126667824,0.012161582245113475,0.012749368765480166,"[1, 2, 3, 4]","[464.7589592764307, 419.45353269285687, 401.43091513206696, 431.0462764028844]","[50.7192, 46.6353, 1771.4678, 44.6827]",1913.505,1.0,1.0,1.0,0.15,AAAABB,6,24,"[8, 8, 8]","[[0.9759, 5.812, -7.1702, -2.3458, -3.194, 3.748, 1.7906, 6.8028, -9.7746, 5.1173, -1.8989, -3.3024], [-3.7694, -9.9476, 5.0207, -6.2783, -1.7734, -6.1373, 5.2825, -9.7322, -3.8037, -1.7029, 4.5617, -0.5952], [-3.4648, 3.9298, 1.0134, 7.8429, 2.8061, -2.6827, 1.1951, 2.9513, 7.8498, 8.6177, 7.3801, 0.0207]]"
tpat_S1_N6_wm1.0_wo1.0_tp40_eps0.0001_r02,Szenario_1_Final,1,abbruchkriterium,3,402.8553079711643,282.1279447213867,120.66621624848247,0.05408721415059775,0.007059787144477203,"[1, 2, 3, 4]","[482.10962069318583, 434.1990215753714, 402.8553079711643, 428.7967071468929]","[47.3811, 31.627, 34.4838, 37.2816]",150.7735,1.0,1.0,1.0,0.15,AAAABB,6,24,"[8, 8, 8]","[[-3.5879, -1.4925, -1.6482, 3.614, 2.8303, 5.1534, -1.4009, -4.7154, -6.973, 6.7282, -9.947, -2.6625], [5.4858, -6.2054, -1.7543, -4.0998, -5.2367, -1.2024, -6.5118, -0.8166, 4.5749, -0.5872, -1.0583, -9.9484], [3.0052, -4.2221, -2.5055, 3.6174, 2.8613, 1.4375, 7.094, -0.5368, 9.7686, 6.0693, 1.1362, 7.9493]]"
tpat_S1_N6_wm1.0_wo1.0_tp15_eps0.0001_r03,Szenario_1_Final,1,abbruchkriterium,3,406.54139613859263,282.01552358945463,124.50044871285144,0.0254238362865374,0.0,"[1, 2, 3, 4]","[461.95728770647577, 441.40835911359375, 406.54139613859263, 435.8434524916824]","[30.5649, 24.9248, 21.543, 24.0885]",101.1212,1.0,1.0,1.0,0.15,AAAABB,6,24,"[8, 8, 8]","[[-2.7212, 3.7775, -1.434, -5.131, 0.7543, 5.5261, -3.5164, -1.5672, -8.3547, 7.1054, -9.8544, -2.179], [1.9494, 3.8268, -3.6734, -9.945, -1.12, -7.3599, 5.3226, -8.2936, -3.6403, -1.6967, 4.9724, -2.3249], [-3.9913, 4.2549, 0.3388, 4.5926, 9.9498, 0.6351, 5.8335, 1.5289, 5.3841, 8.8797, 2.7991, -2.4751]]"
tpat_S1_N6_wm1.0_wo1.0_tp5_eps0.0001_r04,Szenario_1_Final,1,abbruchkriterium,3,428.3512010404992,301.9311846953259,125.99537329389057,0.42464305128278496,0.0,"[1, 2, 3, 4]","[481.42940748036995, 442.66693895894923, 428.3512010404992, 428.91348386777497]","[53.7286, 30.5478, 17.4504, 33.0701]",134.7969,1.0,1.0,1.0,0.15,AAAABB,6,24,"[8, 8, 8]","[[-3.487, 3.6126, -6.9447, 7.0215, 0.1413, 6.1959, 3.4373, 1.869, -9.2908, -1.6966, -1.7986, -3.5305], [-5.0, -8.6226, -2.0074, -9.0, 5.0, -9.0, 5.0, -0.5445, 2.3768, -5.4488, -1.7631, -2.6555], [4.7493, 0.1995, 1.5487, 4.5964, 2.9085, -3.7145, 9.2777, 1.4908, -3.9577, 4.1943, 5.5545, 9.6968]]"
tpat_S1_N6_wm1.0_wo1.0_tp20_eps0.0001_r04,Szenario_1_Final,1,abbruchkriterium,3,400.5930185417561,278.8612584634359,121.73176007832029,0.0,0.0,"[1, 2, 3, 4]","[489.3141676446859, 423.64376779561223, 400.5930185417561, 414.72219277323313]","[23.2808, 22.3527, 24.0473, 22.842]",92.5228,1.0,1.0,1.0,0.15,AAAABB,6,24,"[8, 8, 8]","[[-3.5094, 3.7742, -6.6262, -2.0679, -8.2261, 7.0415, -9.9439, 0.8392, 0.9092, 5.8652, -1.7014, -3.8241], [-4.1621, -8.8313, -2.85, 2.5241, -1.7027, -4.7722, -4.7047, -1.3104, 4.6541, -0.4862, 5.4121, -8.1308], [-3.467, 3.9007, 2.5853, 9.0025, 4.7066, 0.8711, 0.8428, 4.7365, 9.9461, 4.0825, 3.0998, -4.4223]]"
tpat_S1_N6_wm1.0_wo1.0_tp10_eps0.0001_r05,Szenario_1_Final,1,abbruchkriterium,3,403.19650014902345,280.2637691688854,122.93273098013805,0.0,0.0,"[1, 2, 3, 4]","[483.670701890739, 414.64245868962485, 403.19650014902345, 421.2130442407725]","[29.7286, 28.7505, 29.6375, 37.848]",125.9646,1.0,1.0,1.0,0.15,AAAABB,6,24,"[8, 8, 8]","[[-3.9114, -0.3878, 3.3251, 3.5428, -6.4925, 6.3924, -2.1802, 4.7273, -9.9496, -2.4449, -1.398, -5.2256], [6.2551, -7.028, 6.2837, -9.3551, 3.2917, -2.7719, 5.7626, 0.2863, -3.4288, -2.01, -2.4536, -9.5603], [9.2879, 1.4306, 2.9015, -3.6904, 4.8182, 0.2456, 1.5765, 4.6547, -3.6659, 4.0949, 5.5525, 9.763]]"
tpat_S1_N6_wm1.0_wo1.0_tp40_eps0.0001_r05,Szenario_1_Final,1,abbruchkriterium,3,402.5302723450559,277.1679702472557,125.36230209780013,0.0,0.0,"[1, 2, 3, 4]","[495.7369808616794, 420.20949609099523, 402.5302723450559, 422.215878328289]","[24.9685, 36.5866, 35.1179, 28.5589]",125.2319,1.0,1.0,1.0,0.15,AAAABB,6,24,"[8, 8, 8]","[[0.8939, 5.7078, -1.7954, 3.3804, -1.6039, -3.8095, -9.9475, -1.1819, -8.1262, 6.0554, -5.1916, -2.9152], [-5.1078, -1.2, 3.6494, -2.6842, 6.2083, 0.5963, -2.0351, -3.4946, 6.2174, -8.9044, -3.1797, -9.9145], [2.4647, 9.9391, 4.4297, -0.0449, 2.9221, 6.5235, 3.0273, -4.4804, 9.7012, 3.2803, -1.4648, 3.2958]]"
tpat_S1_N6_wm1.0_wo1.0_tp40_eps0.0001_r06,Szenario_1_Final,1,abbruchkriterium,3,405.06364353664344,275.7969448923488,129.2433370488947,0.023361595399995636,0.0,"[1, 2, 3, 4]","[488.916748447419, 409.5073085199255, 405.06364353664344, 431.58284264656936]","[33.1323, 33.2456, 27.4276, 27.0656]",120.8711,1.0,1.0,1.0,0.15,AAAABB,6,24,"[8, 8, 8]","[[-5.5494, 6.0938, -4.2765, -1.4343, -1.3161, -5.2173, -2.7334, -6.485, -9.9472, 0.3985, -0.2801, 4.2636], [-5.2953, -1.2048, -2.1422, -3.7629, 5.16, -6.1683, 7.0735, -9.3678, 4.0696, -0.8852, -2.5399, -9.9492], [6.5502, 8.676, 1.4615, 4.1706, -3.1993, 3.8, 1.2086, 9.1459, 8.8024, 1.8986, 2.8011, -2.4813]]"
tpat_S1_N6_wm1.0_wo1.0_tp20_eps0.0001_r07,Szenario_1_Final,1,abbruchkriterium,3,409.72757646568266,282.4578732395525,126.99422668177496,0.27547654435516333,0.0,"[1, 2, 3, 4]","[475.7531883413337, 422.5252708105377, 409.72757646568266, 425.4724402364701]","[30.1339, 34.607, 29.2197, 26.132]",120.0926,1.0,1.0,1.0,0.15,AAAABB,6,24,"[8, 8, 8]","[[-2.985, 4.3254, 1.0283, 5.9629, -8.5564, -2.257, -9.5624, -3.8933, -9.2484, 6.2438, -2.0009, -2.7019], [-2.1617, -3.6128, -5.4427, -1.1231, 6.4052, -7.323, 1.6193, 3.9102, 4.7298, -2.0309, -1.7671, -9.9323], [-3.9449, 4.1034, 9.9491, 0.9114, 0.176, 4.6114, 5.3579, 1.3929, 5.4372, 8.811, 2.9018, -3.1825]]"
tpat_S1_N6_wm1.0_wo1.0_tp5_eps0.0001_r08,Szenario_1_Final,1,abbruchkriterium,3,407.80550741404426,279.24350657104674,128.5340296077667,0.02797123523079627,0.0,"[1, 2, 3, 4]","[465.59672112497327, 417.218526518064, 407.80550741404426, 420.52427736272125]","[51.9408, 53.6276, 45.2465, 27.2996]",178.1145,1.0,1.0,1.0,0.15,AAAABB,6,24,"[8, 8, 8]","[[-1.9878, 3.1797, -9.9431, 2.6011, 1.2991, 6.2015, -1.8037, -2.9067, -8.0363, 7.071, -7.15, -3.347], [-3.8683, -9.6438, -5.1082, -1.2009, 8.2872, -4.3836, -2.3715, -4.2182, 3.3592, -9.4575, 3.559, -1.2081], [4.3408, -0.0276, 3.037, -4.3866, 2.8555, 9.9495, 2.6537, 6.419, 9.5891, 3.2518, -1.7658, 3.3959]]"
tpat_S1_N6_wm1.0_wo1.0_tp40_eps0.0001_r08,Szenario_1_Final,1,abbruchkriterium,3,409.1401747505756,283.64461211176916,125.49556263880646,0.0,0.0,"[1, 2, 3, 4]","[502.2649947915868, 411.7591927000399, 409.1401747505756, 431.2110745840997]","[46.7176, 34.1019, 23.6267, 23.9882]",128.4344,1.0,1.0,1.0,0.15,AAAABB,6,24,"[8, 8, 8]","[[-3.6853, -2.4541, -3.3492, 3.6525, -7.3645, 8.1908, -1.3009, -5.2149, 0.815, 5.7673, -9.9487, 0.0782], [5.0683, 2.9954, -1.951, -3.5484, 3.3533, -1.6024, -5.1379, -1.2029, 6.404, -6.8388, -3.0071, -9.9388], [9.1389, 6.2181, 2.8186, -3.075, 5.7684, 8.7705, 1.5092, 7.3735, 6.7609, 0.0595, -0.8563, 3.0951]]"
tpat_S1_N6_wm1.0_wo1.0_tp10_eps0.0001_r09,Szenario_1_Final,1,abbruchkriterium,3,420.26108819142587,299.67083583903167,120.5902523523942,0.0,0.0,"[1, 2, 3, 4]","[508.41083040436564, 434.70546090690794, 420.26108819142587, 431.08124524094086]","[27.0406, 29.077, 23.5863, 25.5826]",105.2865,1.0,1.0,1.0,0.15,AAAABB,6,24,"[8, 8, 8]","[[-8.3996, 8.0945, -5.4414, 5.1047, -3.6977, -1.93, -1.303, -5.2168, -0.2811, 4.2615, -9.94, -1.5537], [-4.7237, -9.6312, -2.801, 2.6915, -4.3016, -1.4019, -1.2668, -5.405, 5.8452, -5.1364, 3.3183, 1.881], [2.8109, -3.1998, 9.1343, 1.1115, 4.491, 0.5003, -4.5934, 4.3012, 6.3764, 8.9115, -0.1643, 5.0807]]"
tpat_S1_N6_wm1.0_wo1.0_tp40_eps0.0001_r09,Szenario_1_Final,1,abbruchkriterium,3,410.8865151202501,280.24001271695636,130.63118651303213,0.0,0.015315890261672118,"[1, 2, 3, 4]","[466.0526814773919, 421.07087965583696, 410.8865151202501, 426.83645899368054]","[48.3104, 34.4831, 27.8577, 32.669]",143.3202,1.0,1.0,1.0,0.15,AAAABB,6,24,"[8, 8, 8]","[[1.398, 6.3006, 0.8583, 7.4449, -3.1485, 3.5381, -7.1543, -2.438, -9.8759, 4.9069, -1.798, -3.4259], [4.7565, 2.2646, 7.3255, -5.1702, 4.6138, -8.7301, 3.2898, -2.8412, -3.2129, -9.3879, -3.2257, -1.7981], [5.1893, 1.335, 1.8888, 5.521, 9.8831, 2.506, 5.3652, 9.479, 3.007, -3.8431, -3.155, 3.899]]"
tpat_S1_N6_wm1.0_wo1.0_tp15_eps0.0001_r10,Szenario_1_Final,1,abbruchkriterium,3,407.85310240743075,277.08611656479263,130.76698584263818,0.0,0.0,"[1, 2, 3, 4]","[478.1562308952879, 418.4351138606439, 407.85310240743075, 437.22001936007445]","[28.8086, 30.7338, 31.9728, 27.1322]",118.6474,1.0,1.0,1.0,0.15,AAAABB,6,24,"[8, 8, 8]","[[0.4996, 5.1028, -1.402, -4.7436, -9.598, 7.1833, -3.1825, -1.8593, -9.8569, -1.2677, -3.1488, 5.117], [-2.2264, -3.7097, 4.7664, -6.3369, -5.243, -1.2036, 7.7356, -8.8322, -2.44, -9.9488, 4.0669, -0.8855], [4.6325, 0.863, 2.872, 9.1127, -3.4688, 3.9003, 0.827, 4.7872, 3.0994, -4.4287, 9.9488, 3.9078]]"
tpat_S1_N6_wm1.0_wo1.0_tp40_eps0.0001_r10,Szenario_1_Final,1,abbruchkriterium,3,397.7756340215608,274.60758842411326,123.13724610814168,0.022002065417230505,0.008797423888626409,"[1, 2, 3, 4]","[522.2129255602174, 429.69356598340926, 397.7756340215608, 424.9306589157905]","[49.9901, 54.5989, 32.4005, 30.4996]",167.4891,1.0,1.0,1.0,0.15,AAAABB,6,24,"[8, 8, 8]","[[1.7946, 6.8435, -3.2473, 3.7342, 0.9944, 5.8, -7.2114, -2.3875, -9.702, 5.156, -1.8995, -3.2539], [-5.1073, -1.2159, -2.2555, -3.127, 3.6534, -3.3813, -2.8284, -7.91, 6.5588, 0.7149, 5.0567, -9.9469], [1.4164, 4.0722, -3.4889, 3.9003, 6.3661, 8.7734, 1.1735, 8.9997, 8.7137, 1.9886, 2.8046, -2.4821]]"
tpat_S1_N6_wm1.0_wo1.0_tp15_eps0.0001_r11,Szenario_1_Final,1,abbruchkriterium,3,402.2021405640463,273.9295173580192,128.27262320602705,0.0,0.0,"[1, 2, 3, 4]","[478.2061998523341, 419.1058114086949, 402.2021405640463, 419.670789518873]","[24.1103, 23.7601, 27.4012, 80.5623]",155.8339,1.0,1.0,1.0,0.15,AAAABB,6,24,"[8, 8, 8]","[[-9.9383, -0.7914, -3.767, -1.61, -9.2381, -3.3213, -1.3052, -5.2119, -0.2804, 4.2654, -7.2566, 6.3002], [-4.5932, -1.4015, -4.5271, -7.7408, -1.8653, -3.6086, 6.1267, -5.5707, 2.5842, -9.9477, 4.6554, -0.4894], [0.779, 4.674, 4.0685, 0.2934, -3.4965, 3.9017, 2.9097, -3.8381, 9.937, 2.1328, 4.516, 9.7698]]"
tpat_S1_N6_wm1.0_wo1.0_tp5_eps0.0001_r12,Szenario_1_Final,1,abbruchkriterium,3,416.8848376701891,281.0950035939834,135.78727747501307,0.0,0.002556601192609994,"[1, 2, 3, 4]","[475.2250889881059, 420.83572335068015, 416.8848376701891, 427.08704326870543]","[30.4355, 21.7303, 22.7608, 22.2621]",97.1887,1.0,1.0,1.0,0.15,AAAABB,6,24,"[8, 8, 8]","[[-1.7, -3.4045, -8.4586, 7.2831, -9.7646, 6.7948, -3.2525, 3.1211, -7.3851, -2.6657, 0.7198, 5.5639], [5.7462, -8.9433, 6.2517, -6.3266, -2.1382, -3.7663, -5.617, -1.1436, 4.0534, -0.8907, -2.2735, -9.9047], [2.499, 5.618, 9.5519, 7.4327, 4.2499, 9.8647, 2.8147, -2.7384, 6.9172, 0.0667, -1.9247, 3.5]]"
tpat_S1_N6_wm1.0_wo1.0_tp20_eps0.0001_r12,Szenario_1_Final,1,abbruchkriterium,3,399.54491247505996,271.99800640570226,127.5469060693577,0.0,0.0,"[1, 2, 3, 4]","[503.6854719713297, 412.4165540595528, 399.54491247505996, 425.2732595989922]","[35.1947, 30.3952, 40.1198, 35.5912]",141.3009,1.0,1.0,1.0,0.15,AAAABB,6,24,"[8, 8, 8]","[[1.0937, 5.9025, -1.4025, -4.8084, -2.4133, 3.781, -3.556, -1.781, -8.17, 6.8205, -9.9489, -2.3104], [-2.8697, -9.3283, -2.436, -3.9774, -5.1017, -1.2009, 3.3018, -3.0915, 5.5572, -9.6115, 6.5611, 0.7136], [9.7672, 4.8073, 8.731, -0.8072, 2.8129, -3.197, 4.3257, 1.0495, 3.6363, 8.5788, -1.9537, 3.504]]"
tpat_S1_N6_wm1.0_wo1.0_tp10_eps0.0001_r13,Szenario_1_Final,1,abbruchkriterium,3,400.72933180831535,277.1049651128566,123.6243666954588,0.0,0.0,"[1, 2, 3, 4]","[497.0107854224601, 404.15530324292695, 400.72933180831535, 425.27913054697797]","[51.546, 49.1048, 46.601, 23.0111]",170.2629,1.0,1.0,1.0,0.15,AAAABB,6,24,"[8, 8, 8]","[[-1.3019, -5.2044, -9.9489, -0.735, -9.3807, -3.2189, -3.8143, -1.6313, -0.3832, 4.1639, -7.2536, 6.3896], [-5.1115, -1.2022, -2.3849, -4.4397, 7.7794, 1.1035, -2.6676, -9.5659, 3.5561, -1.196, 5.3543, -8.6075], [2.9019, -3.7988, 8.0536, -1.472, 4.3296, 0.8088, 1.6253, 6.4034, 8.0334, 7.8982, -2.7931, 3.8096]]"
tpat_S1_N6_wm1.0_wo1.0_tp40_eps0.0001_r13,Szenario_1_Final,1,abbruchkriterium,3,410.76922038441876,282.4051147965133,128.06008329259438,0.3040222953110063,0.0,"[1, 2, 3, 4]","[513.711775116253, 431.848287300449, 410.76922038441876, 435.1195095869789]","[21.1895, 19.6866, 21.6024, 21.916]",84.3945,1.0,1.0,1.0,0.15,AAAABB,6,24,"[8, 8, 8]","[[-2.7711, -7.2127, -6.7174, 6.6419, 3.0, 4.0321, -2.6426, 4.6744, -2.6946, -1.6033, -9.9498, -1.4486], [-2.1066, -3.4714, -5.4556, -1.1169, 5.702, 0.2956, 3.6596, -2.6779, -3.0978, -9.8929, 6.2044, -8.7313], [5.4519, 1.0043, 4.6787, 9.5293, 1.6873, 5.0333, 9.9469, 3.71, 2.9996, -3.8677, -3.8066, 4.194]]"
tpat_S1_N6_wm1.0_wo1.0_tp10_eps0.0001_r14,Szenario_1_Final,1,abbruchkriterium,3,414.8547081173094,295.1139436305166,119.7179147549804,0.022849731812451934,0.0,"[1, 2, 3, 4]","[513.7560003409, 430.569914246072, 414.8547081173094, 435.2108046790886]","[26.2037, 23.8258, 23.6631, 24.9676]",98.6602,1.0,1.0,1.0,0.15,AAAABB,6,24,"[8, 8, 8]","[[2.5396, -3.6147, -9.9385, -1.8469, -6.4113, 5.8708, -5.8782, -0.4543, -1.5027, -4.949, 0.0132, 4.6631], [-4.3291, 1.1405, 4.2028, 2.4899, 3.5027, -2.5549, -2.0427, -3.4482, -3.8249, -9.4506, 7.0592, -7.7248], [-3.1952, 3.8038, 6.5208, 8.6443, 1.1888, 9.1286, 1.4562, 4.1734, 8.7798, 1.9128, 2.8043, -2.4783]]"
tpat_S1_N6_wm1.0_wo1.0_tp30_eps0.0001_r14,Szenario_1_Final,1,abbruchkriterium,3,399.46334509608323,274.0590114628662,125.38050947767923,0.023824155537790125,0.0,"[1, 2, 3, 4]","[510.5340350680656, 427.8026804035319, 399.46334509608323, 428.85987112599145]","[22.133, 29.5252, 37.4949, 36.443]",125.5961,1.0,1.0,1.0,0.15,AAAABB,6,24,"[8, 8, 8]","[[-1.5016, -4.3433, -9.7584, -2.2626, -3.1108, 3.5264, -4.339, -2.1792, 0.9203, 5.881, -9.2894, 6.4213], [-4.7497, -1.3007, 7.0286, -5.9632, -1.988, -3.8156, -4.6799, -8.072, 4.3579, -0.6857, 2.4198, -9.9495], [9.9348, 1.9064, 0.6085, 4.2419, 6.6241, 1.4012, -4.0131, 4.4629, 4.6648, 9.1029, 2.8154, -2.4547]]"
tpat_S1_N6_wm1.0_wo1.0_tp10_eps0.0001_r15,Szenario_1_Final,1,abbruchkriterium,2,408.48842274271806,328.88196337176726,79.09574606465563,0.5107133062951636,0.0,"[1, 2, 3]","[461.88019692272826, 408.48842274271806, 409.00732736700627]","[24.2526, 31.3547, 28.671]",84.2783,1.0,1.0,1.0,0.15,AAAABB,6,24,"[12, 12]","[[9.8349, -4.7836, 1.2602, 6.0605, 2.698, 0.6863, -2.8273, 3.7084, 9.7964, 3.9871, 3.1989, -5.1823], [-5.0373, 5.7358, 2.2557, -3.5192, -2.7329, -1.1462, -0.2034, 4.2057, -3.3152, -8.1663, -9.9425, -0.4353]]"
tpat_S1_N6_wm1.0_wo1.0_tp30_eps0.0001_r15,Szenario_1_Final,1,abbruchkriterium,3,402.9916994577319,273.07897695249727,129.9127225052347,0.0,0.0,"[1, 2, 3, 4]","[512.5887160263035, 435.6000563441895, 402.9916994577319, 420.5356810968275]","[23.5361, 21.7746, 41.2523, 32.0804]",118.6434,1.0,1.0,1.0,0.15,AAAABB,6,24,"[8, 8, 8]","[[-2.3626, 4.2444, 1.2943, 6.2302, -9.7371, -3.7586, -4.5364, -1.2661, -9.7502, 4.9579, -1.4012, -5.2528], [4.2986, -3.2647, 5.1008, -0.1007, -1.5623, -3.8749, 6.2156, -8.6685, -2.2894, -9.9488, -5.322, -1.2975], [3.0009, -4.0033, 4.6471, 0.0628, 1.5295, 4.5068, 9.0702, 1.292, -4.1172, 4.3134, 5.6893, 9.354]]"
tpat_S1_N6_wm1.0_wo1.0_tp30_eps0.0001_r16,Szenario_1_Final,1,abbruchkriterium,3,400.7213770508384,273.18089047149886,127.54048657933957,0.0,0.0,"[1, 2, 3, 4]","[475.7402208035503, 424.7847842849485, 400.7213770508384, 435.3293282411881]","[51.5455, 47.8083, 41.6244, 45.8348]",186.813,1.0,1.0,1.0,0.15,AAAABB,6,24,"[8, 8, 8]","[[-5.2735, 4.9266, -8.1562, 8.3581, -1.4037, -5.1044, -3.6785, -1.9509, -9.9298, -1.2392, -0.1836, 4.4611], [5.363, -5.9413, -1.6397, -5.0575, 3.7898, -9.9447, -3.5501, -9.7685, 4.6571, -0.4868, -4.4284, -1.4977], [9.3735, 1.1678, 4.8289, 0.3061, 2.9038, -3.6353, 1.605, 4.7214, -3.4579, 4.0019, 5.7183, 9.6005]]"
tpat_S1_N6_wm1.0_wo1.0_tp40_eps0.0001_r17,Szenario_1_Final,1,abbruchkriterium,3,398.50645147320745,274.08623324487894,124.42021822832845,0.0,0.0,"[1, 2, 3, 4]","[537.3215704235686, 422.61622438426514, 398.50645147320745, 426.31896881931914]","[60.1472, 41.448, 45.7662, 543.3377]",690.6991,1.0,1.0,1.0,0.15,AAAABB,6,24,"[8, 8, 8]","[[-3.3161, -1.7556, -1.5628, -4.8621, -9.8823, 4.4384, -0.9169, 3.3025, -3.8005, 7.3025, -9.942, -1.4181], [-1.9293, -3.37, 3.8619, -2.8695, -5.1267, -1.2026, 5.7137, 0.2939, 6.2037, -9.2425, -3.3127, -9.642], [2.9069, -3.8821, 4.1781, 0.2037, -3.4816, 3.9013, 0.7992, 4.3974, 4.2378, 9.7179, 9.9368, 2.3242]]"
tpat_S1_N6_wm1.0_wo1.0_tp15_eps0.0001_r18,Szenario_1_Final,1,abbruchkriterium,2,408.4080023606885,331.88789248754927,76.4766588457914,0.043451027347824786,0.0,"[1, 2, 3]","[504.65565711110435, 408.4080023606885, 418.1603979229017]","[48.3735, 22.6983, 22.8707]",93.9425,1.0,1.0,1.0,0.15,AAAABB,6,24,"[12, 12]","[[2.8831, 0.1059, -2.2761, 3.5015, 1.8093, 6.5193, -1.4745, -3.6867, 9.8723, 3.8751, 5.3426, -6.153], [-1.3632, -6.5952, -0.0354, 4.5209, 1.9918, -3.4027, -2.9954, -0.2867, -7.2085, 5.544, -9.0981, -5.2189]]"
tpat_S1_N6_wm1.0_wo1.0_tp40_eps0.0001_r18,Szenario_1_Final,1,abbruchkriterium,3,404.78974290795367,274.56944899470506,130.22029391324858,0.0,0.0,"[1, 2, 3, 4]","[486.34909501711047, 445.2039819727449, 404.78974290795367, 425.7890326921326]","[24.7317, 44.8414, 52.4944, 30.8242]",152.8917,1.0,1.0,1.0,0.15,AAAABB,6,24,"[8, 8, 8]","[[-2.7476, 3.5842, 0.5993, 5.3012, -6.3075, 7.4299, -9.7099, 5.2211, -9.014, -2.1829, -1.8987, -3.1637], [3.5475, -2.7236, -2.2917, -6.9573, 5.9716, 0.3879, -4.1951, -9.9039, 5.6735, -8.7445, -3.2322, -1.8033], [7.1285, 0.8151, -3.9594, 4.105, 1.5739, 4.398, -3.1109, 6.9211, 2.9034, -2.6188, 7.3046, 8.3303]]"
tpat_S1_N6_wm1.0_wo1.0_tp15_eps0.0001_r19,Szenario_1_Final,1,abbruchkriterium,3,403.0045660536427,278.3989338185587,124.60153709761853,0.004095137465434502,0.0,"[1, 2, 3, 4]","[482.25137946963514, 423.1215625335185, 403.0045660536427, 416.284403783216]","[23.7191, 36.0464, 31.8018, 44.9195]",136.4868,1.0,1.0,1.0,0.15,AAAABB,6,24,"[8, 8, 8]","[[0.2985, -5.1815, -2.4001, 3.3899, 1.0988, 5.9024, -2.9596, -1.9821, -8.1556, 7.2905, -9.0174, -2.6163], [-4.1665, -9.7955, -1.6149, -4.4377, 4.1533, -2.4793, 7.0104, 1.0823, -5.4292, -1.1974, 4.4219, -9.8716], [4.8204, 0.192, 1.5446, 4.5334, 2.9023, -3.3873, 9.5039, 1.6523, -3.9618, 4.199, 5.4077, 9.7451]]"
tpat_S1_N6_wm1.0_wo1.0_tp40_eps0.0001_r19,Szenario_1_Final,1,abbruchkriterium,3,403.5139057359662,280.2213910527181,123.26724430263806,0.02525273454737903,1.764606257315665e-05,"[1, 2, 3, 4]","[555.4710244830486, 439.46205345399994, 403.5139057359662, 424.59094424057207]","[22.4706, 25.4949, 44.4065, 52.335]",144.707,1.0,1.0,1.0,0.15,AAAABB,6,24,"[8, 8, 8]","[[-4.2216, -2.1024, -3.1843, 3.567, -1.4019, -4.7056, -9.39, -2.5784, 1.0148, 5.9618, -9.5431, 6.2908], [3.1898, -2.0471, -2.9173, -8.5183, 5.7939, 2.4562, -3.3801, -9.9352, -3.6285, -1.6968, 5.7986, -6.9055], [9.9423, 1.2172, 0.4464, 4.263, 6.335, 1.688, -3.9102, 4.1051, 2.7993, -2.4756, 4.6351, 8.9809]]"
tpat_S1_N6_wm1.0_wo1.0_tp15_eps0.0001_r20,Szenario_1_Final,1,abbruchkriterium,3,402.5964070793576,283.0517038243149,119.51377245511135,0.030930799931307394,0.0,"[1, 2, 3, 4]","[463.446087640823, 444.64585833506237, 402.5964070793576, 432.8767645287111]","[30.9421, 31.677, 27.4223, 28.0716]",118.113,1.0,1.0,1.0,0.15,AAAABB,6,24,"[8, 8, 8]","[[-2.0481, 3.2301, -1.8378, -2.9004, 0.697, 5.4489, -9.9419, 1.6589, -6.9749, -3.6349, -8.1117, 6.8951], [2.4978, 3.0848, 7.0726, -7.1529, 3.6088, -3.9404, 5.4752, 0.0962, -3.7231, -1.6972, -2.2573, -9.209], [-3.4483, 3.9021, 0.2933, 8.6831, 6.1794, 0.6842, 1.2818, 4.3412, 2.9014, -3.1815, 9.4663, 6.2931]]"
tpat_S1_N6_wm1.0_wo1.0_tp40_eps0.0001_r20,Szenario_1_Final,1,abbruchkriterium,3,414.7406931284884,279.9386250130591,134.7399905183454,0.06207759708385969,0.0,"[1, 2, 3, 4]","[473.36417379299377, 417.5631764206478, 414.7406931284884, 421.94849491896434]","[45.1795, 23.9423, 22.0135, 21.6542]",112.7895,1.0,1.0,1.0,0.15,AAAABB,6,24,"[8, 8, 8]","[[0.9843, 5.8004, -7.7732, 6.4495, -3.2965, -0.914, -2.7737, 4.5569, -1.2979, -5.7379, -9.9482, -1.3116], [3.9845, -3.3179, 5.828, -8.134, -6.9215, -0.8558, 5.7062, 0.2989, -2.0327, -9.6166, -2.8089, -2.0], [6.4098, 8.7303, 5.6248, 1.1516, -4.0891, 4.2016, 9.9118, 4.0019, 2.899, -3.1717, 0.4059, 5.5217]]"
tpat_S1_N6_wm1.0_wo1.0_tp15_eps0.0001_r21,Szenario_1_Final,1,abbruchkriterium,3,403.94053099443636,278.18387516207093,125.75422237551805,0.0,0.0024334568474363083,"[1, 2, 3, 4]","[513.5993798393838, 448.11752499883755, 403.94053099443636, 424.8732029855855]","[29.9355, 30.1663, 28.7745, 24.3714]",113.2477,1.0,1.0,1.0,0.15,AAAABB,6,24,"[8, 8, 8]","[[-5.2289, 6.9164, -3.9324, -1.5139, -8.2345, -4.5099, -1.4096, -4.8485, -0.2842, 4.3238, -9.9322, 3.1143], [-1.7033, -4.0903, 5.5913, -6.2842, -6.3583, -1.8497, -5.121, -1.2019, -0.8505, -9.9462, 4.3611, -0.6863], [3.4344, 1.1723, 8.1471, -0.8049, -1.7969, 3.3009, 2.9015, -3.7849, 9.8839, 6.1896, 1.1841, 7.9065]]"
tpat_S1_N6_wm1.0_wo1.0_tp5_eps0.0001_r22,Szenario_1_Final,1,abbruchkriterium,3,402.01216442416205,274.8201828355002,127.19198158866186,0.0,0.0,"[1, 2, 3, 4]","[501.18034114492224, 410.1951100239113, 402.01216442416205, 430.2587647660079]","[24.1702, 39.7421, 31.4287, 35.9786]",131.3196,1.0,1.0,1.0,0.15,AAAABB,6,24,"[8, 8, 8]","[[-9.9122, -1.2085, -9.5194, -2.7176, -3.7391, -1.6467, -1.317, -5.25, -7.2004, 6.2548, -0.2841, 4.2672], [3.4461, -1.6142, 5.9422, 0.3988, -1.9264, -4.1261, 5.6969, -6.4259, -5.9548, -1.108, -1.0368, -9.943], [3.0597, -4.4715, 4.1761, -0.1882, 3.0461, 9.9476, 2.2372, 5.6829, 9.3732, 3.4401, -2.5656, 3.6945]]"
tpat_S1_N6_wm1.0_wo1.0_tp20_eps0.0001_r22,Szenario_1_Final,1,abbruchkriterium,3,398.33772874663157,272.3015235106003,126.03620523603125,0.0,0.0,"[1, 2, 3, 4]","[499.5722833737677, 444.4745826051824, 398.33772874663157, 424.60136929668926]","[88.3659, 20.3046, 23.9584, 34.054]",166.6829,1.0,1.0,1.0,0.15,AAAABB,6,24,"[8, 8, 8]","[[-1.4178, -4.7011, -3.2078, 3.643, -9.2196, -2.35, -4.1551, -2.0279, -9.547, 6.293, 1.0184, 5.9635], [-3.904, -8.9606, -4.82, -1.3025, -1.7669, -3.6329, -1.1938, -9.8918, 4.5527, -0.6082, 5.9886, -7.8555], [2.4517, 9.0303, -3.65, 4.0074, 4.7802, 0.7509, 0.9026, 4.6514, 3.1002, -4.4398, 9.9465, 4.2548]]"
tpat_S1_N6_wm1.0_wo1.0_tp10_eps0.0001_r23,Szenario_1_Final,1,abbruchkriterium,3,398.3686255071743,274.1274370528788,124.22322913418043,0.0,0.01795932011510448,"[1, 2, 3, 4]","[500.9334860033594, 412.4555007502215, 398.3686255071743, 429.88474801323036]","[34.2739, 24.0955, 23.2373, 42.0184]",123.6251,1.0,1.0,1.0,0.15,AAAABB,6,24,"[8, 8, 8]","[[-5.6067, 5.8274, -1.303, -5.2653, -1.1029, -6.4981, -4.1643, -1.3875, -9.9368, -0.1688, -0.0849, 4.5655], [5.9123, 0.3785, 3.2707, -2.7442, 6.8561, -6.553, 4.7001, -9.7947, -2.6265, -9.0012, -3.6299, -1.706], [2.8796, 9.0146, 4.6547, 0.8376, 0.8613, 4.7525, -3.4903, 3.9087, 3.0999, -4.4634, 9.9432, 3.9176]]"
tpat_S1_N6_wm1.0_wo1.0_tp30_eps0.0001_r23,Szenario_1_Final,1,abbruchkriterium,3,398.44968423105547,273.57463043114257,124.87505379991289,0.0,0.0,"[1, 2, 3, 4]","[475.9233866247823, 417.2460322908055, 398.44968423105547, 423.3711312224793]","[50.1635, 26.8205, 38.1715, 31.3376]",146.4931,1.0,1.0,1.0,0.15,AAAABB,6,24,"[8, 8, 8]","[[-9.9477, 1.5801, -7.0245, -2.1058, -3.4158, 3.7365, -8.0407, 7.2619, 0.914, 5.8641, -1.7995, -3.5419], [-4.3127, -1.4009, -3.0997, -9.7549, -2.5271, -4.2892, 3.3674, -3.4672, 5.8875, -9.9231, 5.96, 0.3146], [1.5893, 6.3747, 8.8105, -1.052, 4.5346, 0.8018, 2.924, -3.5539, -2.2614, 3.6106, 7.6584, 8.4033]]"
tpat_S1_N6_wm1.0_wo1.0_tp30_eps0.0001_r24,Szenario_1_Final,1,abbruchkriterium,3,403.33041554344186,274.4908687438087,128.83954679963318,0.0,0.0,"[1, 2, 3, 4]","[471.99272768153196, 432.4074141289524, 403.33041554344186, 431.48047415055646]","[24.1505, 22.8435, 23.0495, 24.4133]",94.4568,1.0,1.0,1.0,0.15,AAAABB,6,24,"[8, 8, 8]","[[-7.2204, 7.9864, -3.3139, 3.5692, -3.783, -2.5859, -1.5019, -4.3827, 0.8189, 5.7697, -9.9271, 0.2387], [4.9325, -6.0566, 6.6799, -9.5021, -2.0539, -3.4287, -5.4808, -1.1116, -2.6252, -9.5226, 4.3709, -0.6865], [1.7209, 5.5069, 9.9344, 3.2299, 6.1859, 2.0331, 4.3479, 9.6689, 3.0312, -3.0686, -2.8002, 3.7945]]"
tpat_S1_N6_wm1.0_wo1.0_tp5_eps0.0001_r25,Szenario_1_Final,1,abbruchkriterium,3,402.202213144786,280.85315730610324,121.34905583868279,0.0,0.0,"[1, 2, 3, 4]","[500.21985993686303, 430.2002763200028, 402.202213144786, 428.61510553381214]","[23.2937, 22.695, 24.619, 31.0153]",101.623,1.0,1.0,1.0,0.15,AAAABB,6,24,"[8, 8, 8]","[[-1.5186, -4.5075, -9.7736, -1.931, -4.4298, -1.9306, 1.3512, 7.8946, -0.7833, 3.6696, -8.1298, 5.7271], [-2.4189, -3.3247, 3.0846, -1.5734, 4.3055, 3.317, -5.5204, -1.212, 6.5096, -5.9307, -2.2412, -9.9388], [1.7545, 5.134, 4.8215, 9.5804, 9.9088, 3.4781, 5.321, 0.9591, -3.4512, 3.9954, 3.0996, -4.0385]]"
tpat_S1_N6_wm1.0_wo1.0_tp30_eps0.0001_r25,Szenario_1_Final,1,abbruchkriterium,3,394.4127425809412,271.90926491229345,122.50347766864776,0.0,0.0,"[1, 2, 3, 4]","[503.00565317445654, 434.9526122444031, 394.4127425809412, 436.2386330389016]","[52.856, 28.5881, 23.5043, 26.8689]",131.8173,1.0,1.0,1.0,0.15,AAAABB,6,24,"[8, 8, 8]","[[-1.5068, -4.5845, -8.8645, -4.3344, -4.2986, -1.7251, -5.146, 7.0946, -0.6407, 3.8958, -9.9482, 3.2763], [-2.1296, -3.5033, 5.4255, 0.0914, -5.4286, -1.1043, 3.4076, -2.5696, -2.8519, -9.902, 6.3791, -8.4958], [2.9017, -3.88, -3.4919, 3.9021, 3.973, 0.2941, 0.8011, 4.6401, 4.7397, 9.6592, 9.9156, 1.8781]]"
tpat_S1_N6_wm1.0_wo1.0_tp10_eps0.0001_r26,Szenario_1_Final,1,abbruchkriterium,3,404.80202624065487,277.5061202010461,127.27850410000318,0.017401939605610633,0.0,"[1, 2, 3, 4]","[531.002535761431, 429.61978128717976, 404.80202624065487, 432.6804441921112]","[33.2034, 23.4084, 24.3008, 23.557]",104.4696,1.0,1.0,1.0,0.15,AAAABB,6,24,"[8, 8, 8]","[[-8.0477, 6.2344, -4.0395, -1.7671, -1.3581, -5.3406, -5.8862, 6.9319, -0.587, 3.8618, -9.9264, -1.4986], [-6.2155, -0.9035, 6.2006, 0.599, 4.4473, -2.8726, -3.7461, -8.8384, 3.7422, -9.9291, -2.212, -2.8923], [4.7808, 0.8517, 2.6832, 8.8963, -3.4992, 3.9215, 0.7931, 4.6312, 3.1095, -4.5144, 9.9435, 4.1079]]"
tpat_S1_N6_wm1.0_wo1.0_tp30_eps0.0001_r26,Szenario_1_Final,1,abbruchkriterium,3,398.17903752130667,272.74645774441944,125.43257977688725,0.0,0.0,"[1, 2, 3, 4]","[497.1007167050931, 410.3873376737861, 398.17903752130667, 431.27153117330215]","[32.2319, 50.5592, 43.3026, 31.5505]",157.6442,1.0,1.0,1.0,0.15,AAAABB,6,24,"[8, 8, 8]","[[1.2617, 6.2003, -3.7646, -1.2421, -2.2373, 4.2212, -7.3461, 6.3637, -1.1985, -6.1252, -9.9468, -1.0529], [3.9197, -2.4489, -1.7426, -5.0104, 5.7138, 0.2998, -4.3046, -9.9224, -4.7334, -1.397, 4.8491, -9.4742], [-3.1968, 3.8006, 4.5041, 0.9264, 0.8098, 4.9356, 3.0005, 9.1189, 3.101, -4.5764, 9.9388, 3.6662]]"
tpat_S1_N6_wm1.0_wo1.0_tp15_eps0.0001_r27,Szenario_1_Final,1,abbruchkriterium,3,415.60217187176784,287.53484317872505,127.98905914617416,0.07826954686860849,0.0,"[1, 2, 3, 4]","[479.8676997793797, 416.4028328423947, 415.60217187176784, 433.82056843682983]","[37.2964, 33.7486, 21.3948, 45.9677]",138.4075,1.0,1.0,1.0,0.15,AAAABB,6,24,"[8, 8, 8]","[[-8.6497, 6.2025, 1.7989, 6.8046, -7.1116, -2.1314, -9.9421, 1.9626, -1.7981, -3.4982, -2.0119, 4.3536], [7.3583, 0.9141, -3.7077, -1.6038, 4.8044, -9.8567, 6.6131, -7.1804, -3.0139, -7.5481, 2.9582, -1.6279], [0.5965, 8.0184, -3.1981, 3.8033, 2.7017, -2.4992, 1.5337, 3.0901, 7.7423, -0.0373, 7.6363, 8.6602]]"
tpat_S1_N6_wm1.0_wo1.0_tp40_eps0.0001_r27,Szenario_1_Final,1,abbruchkriterium,3,409.7625549245896,278.40560774086237,131.19842139142753,0.15851764265945836,8.149640193076881e-06,"[1, 2, 3, 4]","[466.6819176838311, 428.0884118929378, 409.7625549245896, 422.504047098706]","[54.1788, 23.5251, 22.2955, 30.6618]",130.6612,1.0,1.0,1.0,0.15,AAAABB,6,24,"[8, 8, 8]","[[-3.6458, 5.0645, -9.2544, 5.8105, 0.6217, 5.4298, -1.55, -6.2481, -2.7652, -1.7485, -9.7706, -1.85], [-4.3242, -9.9301, -1.5469, -5.9525, 4.8463, -9.1423, 5.5329, -7.8159, 4.6181, -0.6572, -3.8006, -1.6986], [3.0048, -4.0714, 4.1987, 0.1671, -3.4723, 3.9024, 0.8064, 4.3243, 4.0934, 9.7089, 9.9421, 2.4449]]"
tpat_S1_N6_wm1.0_wo1.0_tp15_eps0.0001_r28,Szenario_1_Final,1,abbruchkriterium,2,409.9334218418468,334.327553813358,75.41483339846478,0.19103463002402388,0.0,"[1, 2, 3]","[502.44870714130866, 409.9334218418468, 410.9219247627923]","[28.3371, 37.0517, 32.7062]",98.095,1.0,1.0,1.0,0.15,AAAABB,6,24,"[12, 12]","[[-2.7829, -2.1974, 1.9057, 2.7676, -2.8922, 3.7079, 2.7131, 7.8856, 3.6547, -5.1985, 9.5995, 1.8187], [-2.9049, -0.1516, 1.6994, -3.3002, 0.0791, 4.6069, -1.3378, -6.6705, -9.0636, -5.0535, -7.1573, 5.5541]]"
tpat_S1_N6_wm1.0_wo1.0_tp40_eps0.0001_r28,Szenario_1_Final,1,abbruchkriterium,3,407.45875811069715,282.25177677371124,125.2069813369859,0.0,0.0,"[1, 2, 3, 4]","[516.5023009659317, 428.26820312164756, 407.45875811069715, 432.25355075540494]","[25.5464, 40.5725, 32.6787, 35.004]",133.8016,1.0,1.0,1.0,0.15,AAAABB,6,24,"[8, 8, 8]","[[-2.1634, 3.6478, 2.5266, -3.6043, 1.2817, 6.2007, -9.388, -2.4826, -3.8596, -2.9662, -8.4642, 6.038], [3.8849, -4.8362, -2.7953, -6.9932, 6.7413, -9.2888, -1.1686, -9.9374, -3.3947, -1.7996, 5.1597, -0.1899], [6.7154, 8.783, 9.9054, 2.0685, 4.798, 1.2267, 1.9693, 6.305, -2.5653, 3.7024, 3.1012, -4.2333]]"
tpat_S1_N6_wm1.0_wo1.0_tp10_eps0.0001_r29,Szenario_1_Final,1,abbruchkriterium,3,407.6848143612827,282.38003168548266,125.30405720324048,0.0007254725595454989,0.0,"[1, 2, 3, 4]","[456.734702522418, 433.27607814602516, 407.6848143612827, 429.5020491256344]","[28.7113, 30.1074, 34.5745, 37.6926]",131.0858,1.0,1.0,1.0,0.15,AAAABB,6,24,"[8, 8, 8]","[[3.0238, 1.762, -1.4009, -4.8193, -8.9851, 5.6867, -3.2734, -1.4184, -2.585, 5.5362, -9.9306, -2.2309], [-2.5324, -9.8479, 3.6055, -2.6009, -2.9701, -7.9259, 6.0075, 0.3907, 5.9865, -8.4721, -3.3074, -1.819], [1.8892, 7.0789, 6.3629, -4.0204, 3.0079, -4.1927, 4.5915, 0.9845, -2.1007, 3.5955, 9.3073, 6.0886]]"
tpat_S1_N6_wm1.0_wo1.0_tp30_eps0.0001_r29,Szenario_1_Final,1,abbruchkriterium,3,400.6608275303361,279.4974233223516,121.13903892476208,0.024365283222440665,0.0,"[1, 2, 3, 4]","[460.83446436165457, 433.98725100937963, 400.6608275303361, 440.91212930418465]","[30.565, 26.0518, 23.94, 39.3464]",119.9032,1.0,1.0,1.0,0.15,AAAABB,6,24,"[8, 8, 8]","[[-5.5068, 5.7749, -1.1068, -6.3235, -4.3092, -1.4248, -1.5021, -4.5469, -0.0957, 4.5636, -9.9467, -0.1775], [-2.9861, -1.8272, 5.2092, -0.1229, 1.3814, -9.9353, 2.8865, -2.3026, 6.5071, -8.4596, -4.0657, -7.1031], [2.9001, -3.7101, 1.671, 6.6199, 7.491, -2.655, 4.4003, 0.9525, -2.6563, 3.8003, 8.5542, 7.1066]]"
tpat_S1_N6_wm1.0_wo1.0_tp15_eps0.0001_r30,Szenario_1_Final,1,abbruchkriterium,2,413.0538004048508,329.9995788405102,82.91953879632892,0.13468276801170603,0.0,"[1, 2, 3]","[486.25618609324374, 413.0538004048508, 416.60013699402896]","[29.3445, 27.9119, 26.7703]",84.0267,1.0,1.0,1.0,0.15,AAAABB,6,24,"[12, 12]","[[3.4046, -6.9897, 2.8003, -2.8136, -0.9514, 6.0594, 1.9048, 2.8267, 9.9491, -2.857, 7.8571, 6.6194], [-2.8444, -1.6211, -3.0018, 3.8981, 1.0957, 5.9064, 1.261, -5.1453, -6.6216, -7.1227, -9.9301, 4.0595]]"
tpat_S1_N6_wm1.0_wo1.0_tp40_eps0.0001_r30,Szenario_1_Final,1,abbruchkriterium,3,404.87837424525713,278.7394781130029,126.13889613225422,0.0,0.0,"[1, 2, 3, 4]","[503.2665425712879, 412.38568356151904, 404.87837424525713, 438.67994708840126]","[34.2281, 32.2486, 25.1938, 48.7724]",140.4429,1.0,1.0,1.0,0.15,AAAABB,6,24,"[8, 8, 8]","[[-1.4039, -4.7637, -8.045, -4.3914, -5.1284, 6.7116, -3.9481, -1.5734, -0.2808, 4.2648, -9.948, 3.0657], [-1.5131, -5.8423, -5.1164, -1.2069, -3.975, -9.9456, -3.2134, -1.703, 4.6615, -0.524, 5.2061, -8.0626], [4.2714, 0.4963, 2.9001, -3.5017, -3.9954, 4.1004, 9.0113, 0.9037, 7.0237, 8.6928, -0.0311, 5.5713]]"
tpat_S1_N6_wm1.0_wo1.0_tp20_eps0.0001_r06,Szenario_1_Final,1,abbruchkriterium,3,400.1943033625315,272.6872515655897,127.50705179694182,0.0,0.0,"[1, 2, 3, 4]","[470.3878638101911, 423.3578610027141, 400.1943033625315, 423.9032247838187]","[33.8137, 23.8103, 21.8831, 22.5174]",102.0245,1.0,1.0,1.0,0.15,AAAABB,6,24,"[8, 8, 8]","[[0.9953, 5.8129, -2.4185, 3.8197, -3.4182, -1.6468, -1.4098, -4.8751, -9.8072, -2.4134, -8.2973, 6.5994], [-4.9975, -1.3007, -1.2252, -9.947, -1.8766, -3.5882, -4.041, -8.5859, 4.3547, -0.6863, 5.7955, -7.849], [-3.6392, 4.0554, 0.2879, 5.1217, 9.9458, 0.4751, 4.7824, 1.2189, 6.542, 8.3522, 3.004, -3.6165]]"
tpat_S1_N6_wm1.0_wo1.0_tp10_eps0.0001_r11,Szenario_1_Final,1,abbruchkriterium,3,407.6574827103214,277.40131751147055,130.23125175244928,0.024913446401638388,0.0,"[1, 2, 3, 4]","[509.36861847636146, 446.75332443425066, 407.6574827103214, 431.29676148734853]","[45.4298, 36.479, 25.0476, 56.8935]",163.8499,1.0,1.0,1.0,0.15,AAAABB,6,24,"[8, 8, 8]","[[-9.9096, -2.7769, -9.9366, 3.9187, -5.5806, 5.4115, -4.7299, -1.1263, 0.1127, 4.8615, -1.4996, -4.7771], [-6.6241, -0.9043, 5.3118, -0.0084, 5.8582, -8.4018, 4.1592, -3.3329, -2.7257, -2.4273, -1.9145, -9.9256], [3.0436, -4.1051, 2.3915, 9.9322, 1.8392, 4.5463, 4.88, -0.5132, 9.3157, 5.0451, -3.3639, 3.9963]]"
tpat_S1_N6_wm1.0_wo1.0_tp5_eps0.0001_r14,Szenario_1_Final,1,abbruchkriterium,3,407.79083565783606,283.59799173396243,124.16929683994866,0.02354708392499036,0.0,"[1, 2, 3, 4]","[503.89856049291524, 424.5080837774045, 407.79083565783606, 450.5226761926857]","[29.9934, 33.4957, 51.4627, 36.0497]",151.0015,1.0,1.0,1.0,0.15,AAAABB,6,24,"[8, 8, 8]","[[-2.5219, 3.4619, -6.2942, 7.1689, 1.1942, 6.1016, -9.2924, 5.389, -1.8983, -3.2079, -9.0087, -2.1023], [-2.8196, 2.6679, 5.9001, 0.3993, 6.5995, -7.8544, 3.6537, -3.3475, -1.975, -9.0547, -3.7705, -1.6976], [9.947, 1.0405, 0.5418, 4.4273, 6.1618, 1.5091, -3.721, 4.1895, 2.8023, -2.4785, 5.0317, 8.9925]]"
tpat_S1_N6_wm1.0_wo1.0_tp5_eps0.0001_r17,Szenario_1_Final,1,abbruchkriterium,3,404.6440048803112,275.8842393486647,128.71499758374088,0.04476794790562835,0.0,"[1, 2, 3, 4]","[444.07905660720115, 414.5727702339917, 404.6440048803112, 431.11823079241935]","[34.4473, 37.0612, 33.9577, 37.7242]",143.1904,1.0,1.0,1.0,0.15,AAAABB,6,24,"[8, 8, 8]","[[-7.5599, -3.1365, 1.4914, 6.5126, -5.2788, 7.8729, -2.4036, 3.6778, -9.9405, 2.7001, -2.0037, -2.8973], [-2.1624, -9.3709, 6.229, 0.5098, -4.2093, -8.254, 3.7855, -3.0378, 5.7027, -9.02, -2.9298, -1.9049], [5.8686, -4.1462, 3.0003, -4.3539, 4.5024, 1.0142, 1.9574, 7.1976, 9.2481, 5.6192, -2.1152, 3.594]]"
tpat_S1_N6_wm1.0_wo1.0_tp5_eps0.0001_r18,Szenario_1_Final,1,abbruchkriterium,3,406.1275731589322,274.9729319407816,131.1546412181506,0.0,0.0,"[1, 2, 3, 4]","[486.7718383336532, 421.8129588660282, 406.1275731589322, 429.8386560696352]","[50.0719, 43.9455, 40.311, 39.0311]",173.3595,1.0,1.0,1.0,0.15,AAAABB,6,24,"[8, 8, 8]","[[-5.1307, -1.1659, -9.9372, 4.0442, -5.3094, 5.6539, -9.9064, -2.8035, -1.4993, -4.7739, -0.2804, 4.3284], [-1.5304, -9.9418, 3.668, -4.068, -2.1419, -6.116, 6.2303, -9.1088, 5.953, 0.306, -4.0386, -1.5983], [3.0268, -4.1668, 1.8115, 4.6112, 2.3035, 9.9408, 4.7326, -0.4965, -3.43, 3.9943, 9.2252, 4.889]]"
tpat_S1_N6_wm1.0_wo1.0_tp30_eps0.0001_r22,Szenario_1_Final,1,abbruchkriterium,3,395.5969348926652,273.01704059504306,122.55732575380193,0.02256854382020861,0.0,"[1, 2, 3, 4]","[505.49134187270414, 405.0911205220567, 395.5969348926652, 414.2522669290388]","[42.5167, 35.0898, 26.289, 37.1717]",141.0672,1.0,1.0,1.0,0.15,AAAABB,6,24,"[8, 8, 8]","[[-5.19, -1.3769, -9.9268, -3.7868, 1.1, 5.9022, -2.1909, 4.0458, -9.0947, 5.4645, -1.5991, -4.327], [-5.2652, -1.2193, -2.8459, -2.0966, -2.9165, -7.2636, 3.3723, -3.415, 6.0349, 0.3083, 4.3867, -9.8698], [0.8366, 4.6818, 4.7464, 0.8555, -3.4314, 3.9014, 2.6098, 9.0403, 3.1022, -4.4501, 9.9497, 4.0948]]"
tpat_S1_N6_wm1.0_wo1.0_tp10_eps0.0001_r25,Szenario_1_Final,1,abbruchkriterium,2,416.1040853403973,335.41944963359254,80.40480884342546,0.27982686337934465,0.0,"[1, 2, 3]","[501.2484076105112, 416.1040853403973, 417.93468820978353]","[51.3808, 36.4632, 28.436]",116.28,1.0,1.0,1.0,0.15,AAAABB,6,24,"[12, 12]","[[-2.8706, 3.7304, 1.9017, 2.7472, 2.7756, 8.2403, 0.9003, -3.6015, 9.8259, 2.7674, 5.8612, -5.5198], [-2.7917, -0.6509, -0.4696, 4.6296, 1.7079, -3.9046, -9.9327, -2.5661, -8.1128, 4.9869, -4.6795, -7.8939]]"
tpat_S1_N6_wm1.0_wo1.0_tp15_eps0.0001_r09,Szenario_1_Final,1,abbruchkriterium,2,418.0875214683587,339.94582598695604,77.84227939234036,0.29941608906233336,0.0,"[1, 2, 3]","[530.8021367841297, 418.0875214683587, 423.659148846592]","[62.6208, 66.4815, 49.9684]",179.0707,1.0,1.0,1.0,0.15,AAAABB,6,24,"[12, 12]","[[7.7748, -6.6786, -3.2894, -3.3256, 1.3895, 5.4977, -1.9994, 3.4003, 3.0001, -3.5658, 8.2073, 3.8869], [0.352, 5.0028, -5.6993, 5.5989, 1.393, -3.2029, -2.6963, -0.1291, -2.5426, -7.8186, -9.9273, -1.7792]]"
tpat_S1_N6_wm1.0_wo1.0_tp15_eps0.0001_r01,Szenario_1_Final,1,abbruchkriterium,3,408.88128081818377,284.1509757988289,124.73030501935492,0.0,0.0,"[1, 2, 3, 4]","[507.4598300529648, 435.0660348771378, 408.88128081818377, 424.8034879381691]","[50.28, 54.9792, 52.3629, 30.4533]",188.0754,1.0,1.0,1.0,0.15,AAAABB,6,24,"[8, 8, 8]","[[1.0943, 5.9038, -9.4, -3.9117, -2.4397, 4.639, -4.0926, -1.1166, -9.8204, 4.1393, -1.3114, -5.724], [-0.9713, -9.9421, -1.5989, -5.4936, 5.3605, -6.7108, -3.1171, 4.1927, -5.5196, -1.2653, 4.6558, -0.4937], [5.4629, 9.5421, 5.2316, 1.0327, 9.9477, 2.8929, 1.9187, 5.5178, 3.1009, -4.0969, -2.8657, 3.7944]]"
tpat_S1_N6_wm1.0_wo1.0_tp20_eps0.0001_r01,Szenario_1_Final,1,abbruchkriterium,3,404.68178521107956,273.6638407507313,131.01794446034825,0.0,0.0,"[1, 2, 3, 4]","[474.0505696323138, 431.70945623347393, 404.68178521107956, 428.0930185472743]","[28.7278, 30.4795, 24.2983, 41.7442]",125.2498,1.0,1.0,1.0,0.15,AAAABB,6,24,"[8, 8, 8]","[[-9.9223, -2.693, -9.8486, 5.4649, -5.0891, 5.4348, -5.9223, -1.171, -1.7456, -3.9228, -0.2897, 4.2748], [5.3387, -6.2148, 2.353, -9.9471, -3.4895, -9.7305, -1.7036, -4.4866, 4.6571, -0.4855, -5.4298, -1.1979], [2.6629, 9.1025, -3.1972, 3.8054, 4.7104, 0.7929, 0.8159, 4.7196, 9.941, 4.1151, 3.1165, -4.5104]]"
tpat_S1_N6_wm1.0_wo1.0_tp5_eps0.0001_r02,Szenario_1_Final,1,abbruchkriterium,3,406.5000265153491,280.8363007278923,125.66372578745678,0.0,0.0,"[1, 2, 3, 4]","[506.90968071235466, 428.0002832947272, 406.5000265153491, 431.8218869707437]","[47.0388, 51.9519, 50.0716, 1779.7354]",1928.7977,1.0,1.0,1.0,0.15,AAAABB,6,24,"[8, 8, 8]","[[0.6228, 7.8064, -6.8495, -1.7664, -6.6374, 5.38, -9.9437, 2.6344, -1.6993, -3.9875, -0.5875, 3.8692], [3.5482, -2.7559, 5.9007, 0.3986, 7.3982, -6.2083, -3.9705, -7.1992, -3.2559, -1.8014, 1.3408, -9.9465], [-1.7546, 3.4043, 2.3925, 5.0544, -3.6836, 4.153, 2.8822, 9.9119, 3.687, -2.397, 8.9857, 3.3843]]"
tpat_S1_N6_wm1.0_wo1.0_tp30_eps0.0001_r02,Szenario_1_Final,1,abbruchkriterium,3,403.7715912014016,274.3657056385928,129.4058855628088,0.0,0.0,"[1, 2, 3, 4]","[474.55588281721265, 434.17737779516455, 403.7715912014016, 415.69261541429]","[29.1556, 49.8488, 29.2686, 30.6398]",138.9128,1.0,1.0,1.0,0.15,AAAABB,6,24,"[8, 8, 8]","[[-1.302, -5.2028, -3.7692, -1.2703, -4.5882, -6.0521, -5.6946, 6.104, -0.0823, 4.5642, -9.9433, 0.8394], [4.7713, -6.0003, -5.6868, -1.1466, -2.3075, -3.1858, 7.3357, -9.4848, -2.3538, -9.6366, 4.3718, -0.6886], [4.4419, 9.6513, 1.6997, 4.9619, 5.7026, 0.9453, 9.8943, 4.0719, -3.6463, 4.0949, 3.0013, -3.6702]]"
tpat_S1_N6_wm1.0_wo1.0_tp10_eps0.0001_r03,Szenario_1_Final,1,abbruchkriterium,3,402.77939446929634,277.03338442977577,125.7266867286551,0.01932331086544866,0.0,"[1, 2, 3, 4]","[526.4638330979144, 437.0618889142156, 402.77939446929634, 423.46155827323344]","[21.2274, 19.9468, 31.9203, 24.7987]",97.8932,1.0,1.0,1.0,0.15,AAAABB,6,24,"[8, 8, 8]","[[-7.9683, -1.8717, -1.1477, -6.5169, -9.9447, 2.9657, -4.9083, 4.562, 0.4114, 5.1624, -1.9031, -2.928], [3.7597, -2.6171, 6.1389, 0.4932, -2.1893, -7.1594, -4.1312, -9.8825, -3.2439, -1.7977, 5.6179, -8.7861], [5.0045, 0.2545, 9.8407, 1.6869, 2.8043, -3.1753, 1.6065, 4.5859, 5.3069, 9.7064, -3.6455, 4.1024]]"
tpat_S1_N6_wm1.0_wo1.0_tp40_eps0.0001_r03,Szenario_1_Final,1,abbruchkriterium,3,411.3078157903801,281.7607074858711,129.5256709829186,0.021437321590473887,0.0,"[1, 2, 3, 4]","[499.84081924047837, 447.22064702573516, 411.3078157903801, 422.6682880491832]","[33.064, 23.7276, 24.5644, 27.3464]",108.7024,1.0,1.0,1.0,0.15,AAAABB,6,24,"[8, 8, 8]","[[-3.3228, 7.9963, -8.1579, -4.5997, -2.8738, 3.9695, 2.7989, 3.0174, -1.8985, -2.9223, -9.9345, 1.6587], [2.6164, -9.9468, -3.3551, -9.9186, 5.1759, -5.8517, -1.6101, -4.5203, -5.4271, -1.1972, 4.8539, -0.3855], [9.8954, 1.8071, 4.9106, 1.2263, 2.0811, 6.522, 7.0307, 8.5863, -2.266, 3.5973, 3.1019, -4.2514]]"
tpat_S1_N6_wm1.0_wo1.0_tp10_eps0.0001_r04,Szenario_1_Final,1,abbruchkriterium,3,408.58497454616594,281.9659161916575,126.61905835450844,0.0,0.0,"[1, 2, 3, 4]","[463.06247379271616, 430.19676267030593, 408.58497454616594, 442.1291636302892]","[24.26, 22.1558, 21.1623, 24.8205]",92.3986,1.0,1.0,1.0,0.15,AAAABB,6,24,"[8, 8, 8]","[[-1.5133, -4.5268, -4.4223, -1.8916, -1.4072, 8.9305, -9.7735, -2.4498, -0.6816, 3.7611, -8.7109, 5.1949], [4.7339, -9.9496, -1.2485, -9.9459, 4.3007, -0.6011, -2.1361, -6.6238, 5.0923, -3.1513, -4.0262, -1.5972], [1.6935, 7.0791, 4.4989, 0.8452, 8.4581, -1.7502, 2.906, -3.7518, 8.2184, 7.502, -1.965, 3.501]]"
tpat_S1_N6_wm1.0_wo1.0_tp30_eps0.0001_r04,Szenario_1_Final,1,abbruchkriterium,3,404.43840354635694,274.9949666542086,129.4221626142919,0.02127427785646733,0.0,"[1, 2, 3, 4]","[506.5813072212721, 434.42298561316784, 404.43840354635694, 421.65172262580165]","[28.7027, 34.0765, 49.5775, 26.5779]",138.9346,1.0,1.0,1.0,0.15,AAAABB,6,24,"[8, 8, 8]","[[-8.4808, 7.988, -1.3011, -5.2731, -5.2406, 4.7661, -3.2868, -1.8337, 0.0191, 4.6657, -9.6136, -1.6262], [5.0575, -5.7684, -1.4419, -6.4711, 5.4076, -9.9248, -3.9457, -9.9489, 4.3861, -0.6877, -3.8581, -1.6979], [1.4877, 4.3572, -3.4545, 3.9975, 7.0713, 0.5948, -0.4335, 8.8099, 2.8056, -2.484, 8.6711, 6.9137]]"
tpat_S1_N6_wm1.0_wo1.0_tp15_eps0.0001_r05,Szenario_1_Final,1,abbruchkriterium,3,406.6999681984667,285.6720371065161,121.02057190257342,0.0,0.0073591893772154224,"[1, 2, 3, 4]","[516.025128657523, 450.724015165519, 406.6999681984667, 423.88890552537026]","[21.1442, 28.3104, 28.643, 29.0202]",107.1178,1.0,1.0,1.0,0.15,AAAABB,6,24,"[8, 8, 8]","[[-1.4015, -5.0721, -1.1172, -6.3703, -4.3317, -1.3562, -5.5202, 5.997, -9.9449, -0.1626, -0.2804, 4.284], [5.0166, -8.3771, -1.2515, -8.7219, -3.6708, -9.0939, 1.8828, 3.1241, 5.0006, -2.6229, -3.2503, -1.7992], [6.0919, -3.9447, 1.9053, 7.1482, 3.0018, -4.3984, 4.4857, 1.0481, -2.1871, 3.6007, 9.3595, 5.954]]"
tpat_S1_N6_wm1.0_wo1.0_tp30_eps0.0001_r05,Szenario_1_Final,1,abbruchkriterium,3,402.2478598497646,276.08684371503074,126.05362297240609,0.10739316232785032,0.0,"[1, 2, 3, 4]","[470.7227760400243, 438.97686950538593, 402.2478598497646, 425.81837966209366]","[26.654, 21.3212, 26.6828, 21.4309]",96.0889,1.0,1.0,1.0,0.15,AAAABB,6,24,"[8, 8, 8]","[[-2.8032, -0.3973, -1.5016, -4.3067, -6.8302, -4.2751, -0.2013, 4.2176, -9.949, 0.404, -5.3443, 6.8765], [-5.474, -1.1027, 7.2088, -9.2042, 4.8962, -5.87, -2.1856, -3.6051, -2.3513, -9.9369, 4.3546, -0.685], [5.225, 1.0221, 1.8871, 5.4484, 5.1902, 9.5041, 9.9003, 3.069, 3.0015, -3.8686, -3.1657, 3.9015]]"
tpat_S1_N6_wm1.0_wo1.0_tp10_eps0.0001_r06,Szenario_1_Final,1,abbruchkriterium,4,413.38177958401695,256.81843180542984,156.5555188075556,0.0009469783680661863,0.0068819926634539315,"[1, 2, 3, 4, 5]","[488.1124622108829, 441.43248412344474, 433.510799502509, 413.38177958401695, 445.48888280712345]","[26.543, 27.4057, 23.228, 23.2353, 31.1961]",131.6081,1.0,1.0,1.0,0.15,AAAABB,6,24,"[5, 4, 7, 8]","[[-2.6642, -4.6622, 3.3178, -3.7536, 3.7149, 1.5717, -2.9899, -3.2599, 6.8933, 1.5228, 7.0351, -8.4226], [-9.3201, 1.2063, -3.2011, 3.5192, -4.5697, -2.6386, -2.0568, -3.0141, 2.706, 5.4061, -7.0101, 8.5932], [-3.7941, 4.139, 0.9333, 4.1774, 2.8155, -2.6867, 3.0145, -4.0146, 9.8661, 1.7507, 4.267, 9.224], [-4.1129, -0.3035, -3.0129, 3.8885, 3.483, -3.9033, -0.7498, -4.5125, -4.164, -9.7602, -9.9253, -2.404]]"
tpat_S1_N6_wm1.0_wo1.0_tp30_eps0.0001_r06,Szenario_1_Final,1,abbruchkriterium,3,419.20412996864354,288.22115836350486,130.84233120665994,0.14064039847871904,0.0,"[1, 2, 3, 4]","[479.4590352187238, 428.4573894393783, 419.20412996864354, 427.97837182884473]","[34.1995, 26.9243, 27.3026, 27.9482]",116.3746,1.0,1.0,1.0,0.15,AAAABB,6,24,"[8, 8, 8]","[[2.6074, 3.1229, -1.1041, -6.465, -9.9131, -2.4198, -9.9481, 0.6811, -2.7773, -1.6725, -3.4353, 5.8526], [6.1372, 0.499, -4.3259, -9.9432, -1.9326, -6.0692, 3.6313, -2.2798, 5.2315, -8.8135, -4.0269, -1.5985], [9.1246, 1.3379, 1.5715, 4.5856, 2.905, -3.789, 4.5168, 0.1149, 6.2063, 9.3537, -3.7805, 4.8673]]"
tpat_S1_N6_wm1.0_wo1.0_tp10_eps0.0001_r07,Szenario_1_Final,1,abbruchkriterium,3,400.8743634673684,276.5917949872437,124.2825684801247,0.0,0.0,"[1, 2, 3, 4]","[477.21054782238036, 424.8332159440379, 400.8743634673684, 422.48882406920063]","[21.0696, 43.4487, 33.9562, 32.8577]",131.3322,1.0,1.0,1.0,0.15,AAAABB,6,24,"[8, 8, 8]","[[-4.1996, -1.0197, 1.0837, 5.9103, -2.6235, 4.4903, -8.6992, -3.6604, -9.897, 4.41, -1.4067, -5.2436], [3.2817, -3.3453, 6.2732, -7.7889, 0.3956, -9.9394, -2.249, -6.0781, -4.8509, -1.4358, 5.517, -0.0134], [4.886, 1.2599, 9.9155, 0.6495, 0.1461, 4.8103, -3.4481, 4.0356, 6.2045, 8.3963, 3.0033, -3.7375]]"
tpat_S1_N6_wm1.0_wo1.0_tp40_eps0.0001_r07,Szenario_1_Final,1,abbruchkriterium,3,403.23957202723875,279.3196460726703,123.90167898401413,0.0182469705543095,0.0,"[1, 2, 3, 4]","[446.6303111887478, 419.2857673847242, 403.23957202723875, 427.2770176607657]","[32.3641, 55.1136, 51.9815, 41.5865]",181.0457,1.0,1.0,1.0,0.15,AAAABB,6,24,"[8, 8, 8]","[[-9.8382, 2.9022, -5.6056, 7.4415, -1.8105, -2.931, -9.3291, 4.5876, -0.5899, 3.8773, -6.7083, -3.2827], [-2.5217, -3.0961, 7.388, -8.4824, 3.6968, -4.1071, -5.8033, -1.0001, -1.4196, -9.9412, 5.6542, 0.1125], [2.9119, -3.7118, 8.1661, -1.5286, 4.3923, 0.8739, 1.6742, 6.3213, 8.0128, 8.1091, -2.8331, 3.7958]]"
tpat_S1_N6_wm1.0_wo1.0_tp30_eps0.0001_r08,Szenario_1_Final,1,abbruchkriterium,3,417.66957530230906,288.60352296999514,129.04248999680647,0.023562335507459783,0.0,"[1, 2, 3, 4]","[464.17243074893906, 434.335432697162, 417.66957530230906, 431.3929252692209]","[54.1947, 28.2691, 44.4699, 49.7873]",176.721,1.0,1.0,1.0,0.15,AAAABB,6,24,"[8, 8, 8]","[[-9.3119, -1.3127, -3.5642, 3.7128, -9.8112, -2.9685, -5.3208, 7.4152, 2.8632, 3.8269, -1.7982, -3.4623], [-1.8342, -3.4669, 3.7534, -2.8011, -4.7262, -1.3046, 6.1225, 0.4957, 6.1172, -9.08, -3.3768, -9.8407], [0.5857, 4.2025, 9.9484, 1.9466, -3.9948, 4.2205, 6.6786, 1.5507, 2.8025, -2.478, 4.3423, 9.0618]]"
tpat_S1_N6_wm1.0_wo1.0_tp30_eps0.0001_r09,Szenario_1_Final,1,abbruchkriterium,3,397.19258996249107,273.7008113680997,123.48998746959668,0.0,0.001791124794642563,"[1, 2, 3, 4]","[473.64662981481945, 421.293888120404, 397.19258996249107, 432.24800342575577]","[33.4063, 54.8218, 29.0642, 25.9875]",143.2798,1.0,1.0,1.0,0.15,AAAABB,6,24,"[8, 8, 8]","[[-3.2213, 3.6263, 0.9922, 5.8239, -7.2107, -2.4124, 1.6913, 7.0489, -1.8112, -3.4597, -9.6328, 5.1399], [-1.372, -3.4209, 4.438, -3.3701, 5.412, 0.0989, 5.7402, -8.9116, -2.5327, -9.9385, -5.22, -1.2987], [0.6834, 4.8442, 2.9242, -3.8801, -3.1857, 3.8077, 3.5427, 0.5009, 9.6649, 1.5825, 4.9522, 9.5402]]"
tpat_S1_N6_wm1.0_wo1.0_tp10_eps0.0001_r10,Szenario_1_Final,1,abbruchkriterium,3,408.7054543580554,281.43755963252914,127.26789472552629,0.0,0.0,"[1, 2, 3, 4]","[475.1566881307761, 422.5966675633278, 408.7054543580554, 431.9307324006637]","[28.5276, 24.4064, 24.3726, 23.8695]",101.1761,1.0,1.0,1.0,0.15,AAAABB,6,24,"[8, 8, 8]","[[1.0962, 5.933, -6.9413, 6.5589, -3.9766, -1.3721, -2.3237, 3.9951, -9.9408, -0.9323, -1.298, -5.7226], [-4.0975, -9.919, 4.9394, 2.9849, 3.654, -1.7702, -2.0614, -7.7108, 5.8576, -7.0157, -3.6662, -1.7056], [1.7517, 4.6458, 2.4631, 9.9421, 3.1733, -4.2139, 4.7178, -0.4354, 9.3373, 4.8596, -3.4357, 3.9955]]"
tpat_S1_N6_wm1.0_wo1.0_tp20_eps0.0001_r10,Szenario_1_Final,1,abbruchkriterium,3,397.82826542327473,272.775772562652,125.05249286062276,0.0,0.0,"[1, 2, 3, 4]","[540.4144055622095, 430.2553400086787, 397.82826542327473, 433.0453542825789]","[26.2181, 46.4484, 28.8279, 26.4869]",127.9813,1.0,1.0,1.0,0.15,AAAABB,6,24,"[8, 8, 8]","[[-3.3807, -1.4749, -1.2008, -5.7035, -5.079, 6.4829, -7.7251, -3.85, -0.181, 4.4619, -9.9465, 2.9057], [3.4871, -3.3307, -2.4076, -4.1815, -4.7015, -1.3039, -3.1244, -9.533, 5.9532, 0.3123, 5.7175, -9.9471], [-3.6962, 4.0058, 4.2727, 0.1672, 0.7577, 4.2909, 2.902, -3.8957, 3.9224, 9.7112, 9.936, 2.6658]]"
tpat_S1_N6_wm1.0_wo1.0_tp5_eps0.0001_r11,Szenario_1_Final,1,abbruchkriterium,3,406.205815035907,275.2717495252201,130.91186856826437,0.022196942422577803,0.0,"[1, 2, 3, 4]","[507.64814495448184, 427.5162830585697, 406.205815035907, 422.2168055787919]","[23.068, 25.5478, 31.4834, 32.7294]",112.8286,1.0,1.0,1.0,0.15,AAAABB,6,24,"[8, 8, 8]","[[-5.4702, 5.2267, -8.6235, 7.6509, -1.2013, -5.7002, -3.5628, -1.8046, -0.2811, 4.2615, -9.7571, -1.7408], [-1.7839, -3.3328, -4.9888, -1.3045, -4.594, -7.3534, 6.351, -5.8844, 4.6539, -0.497, 2.016, -9.9451], [1.3491, 4.1593, 6.5423, 8.6646, -3.495, 3.905, 1.4491, 9.1361, 2.8076, -2.4761, 8.7191, 1.8711]]"
tpat_S1_N6_wm1.0_wo1.0_tp40_eps0.0001_r11,Szenario_1_Final,1,abbruchkriterium,3,405.64417747084406,276.0116131436487,129.6324180464448,0.00014628075053602717,0.0,"[1, 2, 3, 4]","[492.3776648695383, 421.8843476783509, 405.64417747084406, 427.6936699599167]","[78.4815, 51.5898, 25.3188, 30.5549]",185.945,1.0,1.0,1.0,0.15,AAAABB,6,24,"[8, 8, 8]","[[-0.3107, 4.1012, -1.4083, -4.7486, -3.038, -1.3895, -9.9069, 4.3365, -4.4779, 6.5663, -9.7705, -2.2274], [4.0827, -2.9583, 5.9813, -8.0446, -1.6361, -3.9293, 5.4023, 0.0944, -1.9392, -9.9324, -5.451, -1.1999], [5.8835, 9.2639, 1.8058, 5.8373, 4.8998, 1.1486, 9.8998, 2.4817, -2.8546, 3.7966, 3.1011, -4.2026]]"
tpat_S1_N6_wm1.0_wo1.0_tp30_eps0.0001_r12,Szenario_1_Final,1,abbruchkriterium,2,403.4556448460213,327.22627558363183,76.09289681984193,0.13647244254760005,0.0,"[1, 2, 3]","[488.29117222280604, 403.4556448460213, 407.50033609797777]","[29.063, 34.9292, 40.6533]",104.6455,1.0,1.0,1.0,0.15,AAAABB,6,24,"[12, 12]","[[0.2185, -4.6155, -2.127, 3.5041, 2.8846, 0.263, 1.872, 6.6814, 7.1718, -5.7383, 9.3989, 4.6489], [-1.1992, -6.3942, 0.4961, 5.1427, -2.8123, 1.0346, 1.3987, -3.2039, -7.4343, 5.7395, -8.2408, -4.828]]"
tpat_S1_N6_wm1.0_wo1.0_tp5_eps0.0001_r13,Szenario_1_Final,1,abbruchkriterium,3,404.6365193340381,283.48542212593736,121.15109720810075,0.0,0.0,"[1, 2, 3, 4]","[521.0534321029597, 426.8460730853668, 404.6365193340381, 428.08508672950995]","[26.4369, 23.4209, 23.1775, 24.4954]",97.5307,1.0,1.0,1.0,0.15,AAAABB,6,24,"[8, 8, 8]","[[-5.5029, -0.8806, -6.1042, 5.4799, 4.6717, 1.323, -9.9493, -1.5467, -1.3985, -5.2269, -0.2402, 4.6822], [-5.1274, -1.2064, -1.8917, -3.4905, -3.774, -8.684, -1.5285, -9.9066, 4.3548, -0.6853, 5.8016, -7.7869], [0.192, 4.665, -3.9361, 4.1123, 5.0139, 1.2006, 9.9459, 0.7017, 3.0003, -3.6747, 5.8472, 8.4996]]"
tpat_S1_N6_wm1.0_wo1.0_tp20_eps0.0001_r14,Szenario_1_Final,1,abbruchkriterium,3,406.1959029096293,273.38943767974416,132.80646323184553,1.9980395907452747e-06,0.0,"[1, 2, 3, 4]","[495.1873306855571, 434.9980343024211, 406.1959029096293, 421.6295600054835]","[40.0958, 37.4996, 34.1177, 28.2583]",139.9714,1.0,1.0,1.0,0.15,AAAABB,6,24,"[8, 8, 8]","[[1.0979, 5.9068, -9.1382, 5.5375, -7.0568, 7.0617, -2.6513, 3.6875, -1.8992, -3.0486, -8.9657, -2.3676], [0.7846, -9.9499, 6.7342, -8.7278, 3.481, -4.0006, -2.9552, -7.0861, 5.7599, 0.212, -3.6271, -1.699], [4.7509, 0.1997, 1.5438, 4.6821, 2.9063, -3.8289, 9.2432, 1.3211, 5.6945, 9.5917, -3.9189, 4.2009]]"
tpat_S1_N6_wm1.0_wo1.0_tp5_eps0.0001_r15,Szenario_1_Final,1,abbruchkriterium,3,404.06671532253074,272.88525082922655,131.177259519637,0.0042049736672094265,0.0,"[1, 2, 3, 4]","[507.0104765509443, 431.55288636727926, 404.06671532253074, 424.0699792225669]","[31.0294, 31.4567, 30.9197, 30.4764]",123.8822,1.0,1.0,1.0,0.15,AAAABB,6,24,"[8, 8, 8]","[[-2.5193, 3.9862, 1.0571, 5.9218, -9.6536, -4.6533, -6.9893, -1.2616, -1.9008, -2.9891, -8.9804, 5.8587], [5.9003, 0.3998, 4.92, -9.8366, 6.6912, -6.8938, 3.3997, -2.8526, -3.3138, -1.7975, -2.7861, -8.9598], [2.8057, -3.1659, 1.5981, 4.9112, 4.7806, 0.2997, 9.3601, 0.8921, 5.9024, 9.6782, -3.4655, 3.9954]]"
tpat_S1_N6_wm1.0_wo1.0_tp20_eps0.0001_r15,Szenario_1_Final,1,abbruchkriterium,3,397.7734702565001,272.64414348053674,125.1293267759633,0.0,0.0,"[1, 2, 3, 4]","[514.2518593529754, 422.271962674944, 397.7734702565001, 426.3918510810306]","[33.5561, 25.6945, 23.0854, 26.3384]",108.6744,1.0,1.0,1.0,0.15,AAAABB,6,24,"[8, 8, 8]","[[-1.404, -4.7169, -9.854, -1.7094, -2.7788, 3.4014, -4.4332, -2.274, -8.6232, 6.6514, 1.0175, 5.9804], [-3.1363, -9.3088, 3.4735, -3.3986, -4.708, -1.3015, -2.3333, -4.033, 6.1539, 0.4086, 5.6021, -9.9375], [4.2891, -0.5002, 1.9145, 5.0583, 2.9598, 9.9499, 3.0055, -4.3686, -3.1648, 3.8943, 9.2526, 3.9191]]"
tpat_S1_N6_wm1.0_wo1.0_tp5_eps0.0001_r16,Szenario_1_Final,1,abbruchkriterium,3,404.8500638845641,276.40986185988794,128.44020202467618,0.0,0.0,"[1, 2, 3, 4]","[493.6413867021715, 428.46150190979785, 404.8500638845641, 427.8989833269434]","[36.5677, 29.8203, 44.1824, 22.9837]",133.5541,1.0,1.0,1.0,0.15,AAAABB,6,24,"[8, 8, 8]","[[-1.5731, -4.4835, -9.391, -3.5196, -4.2915, -1.7264, -4.512, 7.7591, -0.4884, 4.064, -9.3001, 3.9727], [3.9792, -2.4549, -1.7667, -4.9595, 6.2059, 0.5986, -4.3155, -9.9325, -4.7277, -1.3968, 4.8801, -9.535], [2.2309, 4.8225, -1.7917, 3.3006, -2.8155, 7.1745, 5.2853, 9.8495, 2.8988, -2.6121, 8.6776, 2.4044]]"
tpat_S1_N6_wm1.0_wo1.0_tp40_eps0.0001_r16,Szenario_1_Final,1,abbruchkriterium,3,410.2008860010689,280.3103711182662,129.58492945435364,0.2934976965286311,0.012087731920428994,"[1, 2, 3, 4]","[458.98698682976675, 425.66837773864177, 410.2008860010689, 428.48420767490836]","[42.4913, 34.9338, 31.8153, 27.7136]",136.954,1.0,1.0,1.0,0.15,AAAABB,6,24,"[8, 8, 8]","[[-3.3619, -1.6834, -1.4029, -4.7459, 1.0973, 5.9141, -2.4744, 3.8798, -8.4542, 6.6513, -9.6803, -2.5018], [-2.0627, -9.7973, 4.3633, -0.6062, -6.4369, -0.9874, -3.3392, -9.6287, -2.6321, -2.0527, 5.1518, -6.4168], [6.4316, 8.7399, 1.2522, 9.144, -3.4902, 3.9016, 1.4351, 4.1426, 8.8212, 1.9883, 2.8147, -2.4832]]"
tpat_S1_N6_wm1.0_wo1.0_tp30_eps0.0001_r17,Szenario_1_Final,1,abbruchkriterium,3,405.88288689334416,283.716691122357,122.16427785238292,0.0019179186041904663,0.0,"[1, 2, 3, 4]","[465.1034825917802, 432.69816982847226, 405.88288689334416, 435.31201159160526]","[56.7346, 58.7816, 547.0616, 24.5191]",687.0969,1.0,1.0,1.0,0.15,AAAABB,6,24,"[8, 8, 8]","[[2.7859, 3.13, -4.8025, 6.1885, -0.6266, 3.7648, -3.008, -0.9761, -9.9439, 0.1042, -3.5912, -6.5316], [7.3176, -6.904, -4.5896, -7.3623, 5.3114, -0.0028, 3.7177, -2.9687, 0.9041, -9.947, -3.2262, -1.7969], [2.9229, -3.8313, 4.5066, -0.002, -3.1538, 3.8079, 1.0885, 4.1252, 9.9433, 3.2395, 3.2166, 9.6646]]"
tpat_S1_N6_wm1.0_wo1.0_tp20_eps0.0001_r18,Szenario_1_Final,1,abbruchkriterium,3,404.8731391068611,276.495470039127,128.3773489832439,0.0,0.0003200844902271614,"[1, 2, 3, 4]","[460.54343131927465, 424.89264515186085, 404.8731391068611, 428.1577150614729]","[51.5944, 28.8904, 28.2854, 29.7244]",138.4946,1.0,1.0,1.0,0.15,AAAABB,6,24,"[8, 8, 8]","[[-1.2267, -5.7079, -9.0734, -3.546, -4.1012, -1.785, -4.2637, 7.5099, -0.584, 3.8617, -9.7692, 3.6609], [3.2897, -2.6712, 6.3025, -6.8762, 5.2504, -9.5654, 6.423, 0.6833, -3.4553, -1.8135, -2.5995, -8.997], [-3.9537, 4.1095, -2.5831, 3.6043, 3.8624, 9.8805, 2.1402, 5.0673, 8.1853, 2.3768, 2.9076, -2.7979]]"
tpat_S1_N6_wm1.0_wo1.0_tp5_eps0.0001_r19,Szenario_1_Final,1,abbruchkriterium,3,407.20448522099554,285.0167247570248,122.13581015209034,0.05195031188034944,0.0,"[1, 2, 3, 4]","[477.13474718627947, 412.4183179738827, 407.20448522099554, 431.30572651637266]","[49.8671, 29.9699, 41.8832, 36.0788]",157.799,1.0,1.0,1.0,0.15,AAAABB,6,24,"[8, 8, 8]","[[-0.2001, 4.3411, -3.2746, -1.114, -1.4355, -4.7048, -2.9304, 5.5725, -9.2358, -3.3112, -9.6773, 5.7224], [-5.4439, -6.6545, 3.7779, -1.0029, -1.4593, -2.8644, -4.581, 1.5227, -0.1442, -9.9366, 7.2124, -6.2639], [6.4528, 0.6404, 1.3822, 4.3438, -0.4552, 8.8289, -3.135, 3.8097, 2.9006, -3.0465, 9.0467, 6.8117]]"
tpat_S1_N6_wm1.0_wo1.0_tp20_eps0.0001_r19,Szenario_1_Final,1,abbruchkriterium,3,409.1261813524908,284.3836396529524,124.7355078281955,0.007033871342817742,0.0,"[1, 2, 3, 4]","[482.19814039611845, 417.7184874996147, 409.1261813524908, 422.28233249785234]","[35.1816, 51.6343, 22.6563, 23.7547]",133.2269,1.0,1.0,1.0,0.15,AAAABB,6,24,"[8, 8, 8]","[[3.0146, 1.7058, -7.909, -3.8461, -2.9799, -0.9225, -1.4011, -4.8176, -2.164, 5.9892, -9.9472, 2.8382], [8.6767, -0.635, -2.4164, -4.2646, -2.8823, -9.4042, -5.1266, -1.2112, 3.5582, -1.1868, 4.7445, -8.9934], [4.8814, 0.3325, 1.6138, 4.8442, 2.9089, -3.4807, 9.4905, 1.1739, 5.7458, 9.7717, -2.8662, 3.7977]]"
tpat_S1_N6_wm1.0_wo1.0_tp10_eps0.0001_r20,Szenario_1_Final,1,abbruchkriterium,3,402.1622402497895,274.31267121786914,127.82505966731637,0.02450936460394551,0.0,"[1, 2, 3, 4]","[500.0420739040969, 422.6830182310897, 402.1622402497895, 432.3969607459711]","[54.5445, 33.5722, 31.9428, 31.3356]",151.3951,1.0,1.0,1.0,0.15,AAAABB,6,24,"[8, 8, 8]","[[-7.0841, -2.2483, -8.4485, 6.9094, -3.2492, 3.5546, -9.9477, 2.5233, -1.7983, -3.4812, 1.318, 6.3619], [4.5417, -5.6403, -1.7385, -2.9146, 6.6982, -9.4038, -5.4564, -1.1022, 5.0604, -0.2877, -2.4501, -9.2002], [5.0996, 1.2165, 9.9477, 0.8874, -3.9693, 4.1635, 0.2374, 4.5806, 5.6856, 8.5677, 3.0, -3.496]]"
tpat_S1_N6_wm1.0_wo1.0_tp30_eps0.0001_r20,Szenario_1_Final,1,abbruchkriterium,3,403.2075023881427,272.8185212030485,130.38898118509425,0.0,0.0,"[1, 2, 3, 4]","[508.20465779806676, 434.0517948857191, 403.2075023881427, 425.3368526112415]","[30.8523, 34.7919, 25.8239, 24.4472]",115.9153,1.0,1.0,1.0,0.15,AAAABB,6,24,"[8, 8, 8]","[[-9.7321, -3.7148, -2.3968, 3.7773, 1.0985, 5.9119, -7.1954, -1.498, -1.8985, -3.1288, -8.4419, 6.2147], [-2.8052, -9.9493, -1.7483, -4.8577, 4.5931, -5.3269, 4.2709, -9.9339, 5.1566, -0.1951, -4.7272, -1.3979], [4.7693, 0.8114, 2.5452, 8.9911, -3.4415, 3.9013, 0.8295, 4.6686, 9.9473, 4.3459, 3.0994, -4.451]]"
tpat_S1_N6_wm1.0_wo1.0_tp30_eps0.0001_r21,Szenario_1_Final,1,abbruchkriterium,3,412.4471853243458,290.3048321000186,121.98398144701252,0.15837177731473773,0.0,"[1, 2, 3, 4]","[513.4281311906138, 417.8853942144343, 412.4471853243458, 424.5796967924688]","[25.569, 31.7963, 34.3741, 24.4285]",116.1679,1.0,1.0,1.0,0.15,AAAABB,6,24,"[8, 8, 8]","[[-2.4201, -6.3915, -2.7446, 4.8929, -8.6856, -2.9515, 0.98, 5.8144, -9.9222, 4.1358, -2.7653, -1.6142], [3.7266, -4.5432, 4.2808, -9.9141, -2.493, -7.7711, 1.7018, 3.507, -3.6845, -1.6974, 6.3943, 0.5122], [-2.4211, 8.1344, 5.021, 0.4934, 3.0183, -4.1645, 9.3099, 2.1762, 5.1038, 8.199, -0.8517, 3.1018]]"
tpat_S1_N6_wm1.0_wo1.0_tp10_eps0.0001_r22,Szenario_1_Final,1,abbruchkriterium,3,397.18644905447337,274.41126491197633,122.75802043080252,0.01716371169449535,0.0,"[1, 2, 3, 4]","[498.98718591783063, 438.32815506232396, 397.18644905447337, 425.1219095388246]","[31.5599, 24.8286, 22.4125, 25.385]",104.186,1.0,1.0,1.0,0.15,AAAABB,6,24,"[8, 8, 8]","[[1.0, 5.8041, -4.7568, -1.359, -9.9008, -3.8548, -2.3764, 4.2527, -9.7159, 5.1046, -1.4979, -4.7246], [-3.2073, -9.7139, -2.4781, -4.2538, 3.2986, -3.4628, -4.304, -1.4086, 5.7909, -9.8587, 6.1585, 0.4144], [4.0504, 9.9499, -3.7113, 4.1305, 2.3135, 5.4133, -1.9889, 3.4034, 2.8196, -2.4828, 8.2227, 2.155]]"
tpat_S1_N6_wm1.0_wo1.0_tp5_eps0.0001_r23,Szenario_1_Final,1,abbruchkriterium,3,410.627839586695,281.2258274949727,129.3785104439935,0.023501647728852125,0.0,"[1, 2, 3, 4]","[436.36427215679663, 431.9509421840372, 410.627839586695, 432.2852809585222]","[33.2847, 31.5563, 34.9922, 27.2645]",127.0977,1.0,1.0,1.0,0.15,AAAABB,6,24,"[8, 8, 8]","[[1.0983, 5.9126, -2.483, 4.004, -9.9414, -3.9648, -6.9027, -1.5245, -1.8991, -3.0285, -8.7244, 6.1015], [-6.2005, -0.9017, 6.2042, 0.5985, 4.413, -2.8998, -3.6956, -8.7691, -2.2262, -2.872, 3.623, -9.9363], [9.9424, 4.2339, 0.3503, 3.8131, -3.6193, 4.0094, 2.8049, -3.0467, 4.3208, 8.9116, 6.2312, -0.1612]]"
tpat_S1_N6_wm1.0_wo1.0_tp20_eps0.0001_r23,Szenario_1_Final,1,abbruchkriterium,3,414.01945737474523,288.2411488489556,125.75396186073922,0.024346665050356996,0.0,"[1, 2, 3, 4]","[474.27603844082506, 420.90834773982147, 414.01945737474523, 418.2864570665694]","[52.2666, 38.9581, 40.7658, 30.9875]",162.978,1.0,1.0,1.0,0.15,AAAABB,6,24,"[8, 8, 8]","[[-1.8552, -3.5192, -9.4934, 6.2087, -7.5522, 6.0321, 0.673, 7.4924, -7.5016, -2.0404, -1.116, 3.2654], [-1.8757, -3.4648, -1.3016, -8.9041, -4.2691, 1.9419, -5.3551, -6.453, 6.0619, -8.1751, 4.3541, -0.686], [1.4026, 4.3648, -3.4825, 4.001, 7.0172, 0.4084, -0.2705, 8.9426, 8.5343, 6.7609, 2.8014, -2.4761]]"
tpat_S1_N6_wm1.0_wo1.0_tp5_eps0.0001_r24,Szenario_1_Final,1,abbruchkriterium,3,404.63661522018407,276.2953314222132,128.27199239281643,0.06929140515442149,0.0,"[1, 2, 3, 4]","[446.57264316894043, 419.89169406810413, 404.63661522018407, 421.8473156173706]","[23.9538, 20.4782, 20.1214, 20.5671]",85.1205,1.0,1.0,1.0,0.15,AAAABB,6,24,"[8, 8, 8]","[[-9.8034, 2.8536, -4.1549, -1.1479, -9.3581, -2.466, -5.5594, 5.4876, 0.3064, 5.0667, -1.4174, -5.4022], [7.7256, -3.813, -3.7561, -9.4688, -4.8146, -1.3916, -2.484, -4.2248, 3.7468, -9.7593, 3.6026, -1.1902], [2.7, -2.4991, 1.4841, 5.2022, 8.0916, -2.3225, 5.0162, 0.8091, 7.2797, 8.7532, -3.6473, 4.0959]]"
tpat_S1_N6_wm1.0_wo1.0_tp40_eps0.0001_r24,Szenario_1_Final,1,abbruchkriterium,2,416.71000374762974,335.2001903395942,81.48335206376817,0.026461344267353342,0.0,"[1, 2, 3]","[474.02247614143164, 416.71000374762974, 422.05270282044376]","[31.194, 34.2968, 34.502]",99.9928,1.0,1.0,1.0,0.15,AAAABB,6,24,"[12, 12]","[[4.0903, 1.1774, -2.5332, 3.6005, 8.4842, 7.4383, 2.1594, 6.8833, 8.2034, -4.7915, 0.2827, -4.6675], [-1.5204, -6.7286, 1.997, -3.4018, -2.9101, -0.3374, -0.0018, 4.5049, -9.3028, -4.886, -6.9953, 5.6962]]"
tpat_S1_N6_wm1.0_wo1.0_tp20_eps0.0001_r25,Szenario_1_Final,1,abbruchkriterium,3,398.49973757641067,275.02301154372947,123.44067131933835,0.0,0.03605471334278749,"[1, 2, 3, 4]","[471.02879079860173, 430.78324241041935, 398.49973757641067, 438.2067616164759]","[24.9184, 22.8758, 23.8851, 23.7818]",95.4611,1.0,1.0,1.0,0.15,AAAABB,6,24,"[8, 8, 8]","[[-1.5144, -4.3024, -1.3046, -5.4509, -9.9457, -2.962, -5.1889, -1.1973, -0.1807, 4.5059, -7.6345, 5.4424], [3.5668, -3.3842, -3.0551, -8.3567, -5.1188, -1.2007, -2.2854, -3.3891, 6.5555, 0.7101, 4.9447, -9.9357], [1.8319, 7.1999, 7.4608, -3.0509, 4.5154, 1.0049, 2.9058, -3.8916, 8.9253, 6.7518, -1.9636, 3.4956]]"
tpat_S1_N6_wm1.0_wo1.0_tp5_eps0.0001_r26,Szenario_1_Final,1,abbruchkriterium,3,403.4807341770967,275.8690254685983,127.61170870849841,0.0,0.0,"[1, 2, 3, 4]","[510.44589405440865, 421.1824056496141, 403.4807341770967, 430.90782684686724]","[23.4865, 19.4816, 24.7216, 39.9202]",107.6099,1.0,1.0,1.0,0.15,AAAABB,6,24,"[8, 8, 8]","[[-4.6195, 4.3894, -3.3223, -2.0683, -1.3009, -5.238, -8.2905, 8.0803, 0.2201, 4.961, -9.8867, -1.2455], [5.7061, 0.2881, 7.3836, -6.3912, 3.4581, -2.9266, -4.3257, -7.3663, -3.2292, -1.7981, 1.1124, -9.9495], [6.2291, 1.0401, 9.9405, 3.514, 3.5588, 5.9852, 2.4263, 9.9129, -1.7533, 3.4462, 3.0165, -3.591]]"
tpat_S1_N6_wm1.0_wo1.0_tp20_eps0.0001_r26,Szenario_1_Final,1,abbruchkriterium,3,406.09656540929245,282.38005254780444,123.67116355235387,0.045349309134154206,0.0,"[1, 2, 3, 4]","[487.20823152226234, 418.4612027470266, 406.09656540929245, 432.83642720755586]","[24.0212, 26.7436, 35.8422, 52.8247]",139.4317,1.0,1.0,1.0,0.15,AAAABB,6,24,"[8, 8, 8]","[[-3.5782, 7.9234, -2.8763, 3.9745, 2.7007, 3.213, -8.1314, -4.7712, -9.93, 1.524, -1.9009, -2.9239], [-4.3691, -8.6465, -5.1086, -1.2014, -1.1223, -9.9428, -1.8308, -3.6814, 4.2874, -0.7858, 5.842, -7.9404], [-3.931, 4.1362, 9.9472, 0.8483, 6.0031, 1.5323, 0.3814, 4.4917, 5.0471, 8.8073, 2.7989, -2.4795]]"
tpat_S1_N6_wm1.0_wo1.0_tp5_eps0.0001_r27,Szenario_1_Final,1,abbruchkriterium,3,409.052844137933,279.1372339643908,129.89486500393278,0.020745169609412046,0.0,"[1, 2, 3, 4]","[476.4027681900905, 439.9807036511311, 409.052844137933, 430.33526891384713]","[28.2636, 34.7042, 40.3781, 44.4231]",147.769,1.0,1.0,1.0,0.15,AAAABB,6,24,"[8, 8, 8]","[[-2.9928, -7.0555, -9.9342, 1.9541, -5.568, 5.1801, -8.0162, -1.4215, -1.8985, -2.9241, 0.0154, 4.6893], [-1.9967, -3.5473, 5.4031, 0.0988, -4.7835, -1.3042, 3.7332, -2.9083, -3.2363, -9.9094, 6.2669, -9.075], [4.6748, 1.2297, 9.9192, 3.2427, -1.7932, 3.3037, 8.8527, 6.2011, 3.0024, -3.8822, 0.5968, 7.0187]]"
tpat_S1_N6_wm1.0_wo1.0_tp20_eps0.0001_r27,Szenario_1_Final,1,abbruchkriterium,3,415.6464789937446,285.26804492257384,130.3385011999959,0.034655905903464054,0.005276965271363227,"[1, 2, 3, 4]","[487.5290041765483, 425.20345551591794, 415.6464789937446, 424.277590861]","[25.0243, 24.5579, 41.9226, 57.3477]",148.8525,1.0,1.0,1.0,0.15,AAAABB,6,24,"[8, 8, 8]","[[-9.918, 3.4924, -9.5975, 4.8065, -4.6258, 7.8025, -1.8024, -2.943, -6.9685, -3.1356, -0.9807, 3.4064], [6.5162, -7.7358, 2.3639, 2.871, 3.3937, -3.7453, 6.5092, -0.5209, -2.387, -9.336, -3.6341, -1.6974], [1.3558, 4.3834, -3.4652, 3.9388, 0.3018, 9.499, 6.8738, 0.5128, 2.8165, -2.4744, 8.7823, 6.4586]]"
tpat_S1_N6_wm1.0_wo1.0_tp5_eps0.0001_r28,Szenario_1_Final,1,abbruchkriterium,3,400.6384030206167,272.69705474855783,127.94134827205886,0.0,0.0,"[1, 2, 3, 4]","[457.07392790080644, 409.1300127366155, 400.6384030206167, 424.2159120424398]","[24.4273, 20.8862, 35.2814, 38.4438]",119.0387,1.0,1.0,1.0,0.15,AAAABB,6,24,"[8, 8, 8]","[[-3.9367, -1.4334, -7.5552, 6.7132, -2.7465, 4.2782, 0.5, 5.1077, -9.9475, -1.2727, -1.3978, -5.275], [-1.9243, -3.6365, -4.113, -8.8852, -5.107, -1.2016, -1.2046, -9.8656, 5.8881, -7.7988, 4.3545, -0.6854], [2.469, 9.0888, 4.8503, 0.8243, -3.1866, 3.8013, 0.8771, 4.6479, 9.9287, 4.2164, 3.0994, -4.4272]]"
tpat_S1_N6_wm1.0_wo1.0_tp20_eps0.0001_r28,Szenario_1_Final,1,abbruchkriterium,3,406.1051798418238,273.889689781602,132.19232399559905,0.023166064622767272,0.0,"[1, 2, 3, 4]","[473.5338959797716, 415.3511221091777, 406.1051798418238, 424.59357445393914]","[23.5788, 27.5003, 36.4437, 59.5029]",147.0257,1.0,1.0,1.0,0.15,AAAABB,6,24,"[8, 8, 8]","[[-4.8605, 4.924, -9.9011, -2.2198, -9.8869, 5.6854, -5.2483, -1.2259, -1.5014, -4.7337, 0.1201, 4.8645], [5.9271, 0.3998, 4.9768, -9.771, 6.8133, -7.1932, 3.505, -2.9067, -3.2665, -1.7992, -2.9066, -8.9254], [0.5373, 4.3587, -4.0024, 4.3416, 6.4645, 1.6192, 9.9432, 1.143, 2.7999, -2.4844, 4.836, 9.0337]]"
tpat_S1_N6_wm1.0_wo1.0_tp5_eps0.0001_r29,Szenario_1_Final,1,abbruchkriterium,3,404.5750141320046,273.3286475442866,131.24636658771806,0.0,0.0,"[1, 2, 3, 4]","[475.80136072819573, 421.3752900374712, 404.5750141320046, 428.5133417139365]","[23.22, 24.4311, 23.7519, 25.8964]",97.2994,1.0,1.0,1.0,0.15,AAAABB,6,24,"[8, 8, 8]","[[0.9995, 5.8051, -7.3455, -3.0083, -4.6678, 7.5758, -2.4982, 3.4519, -1.8005, -3.4318, -9.9371, 2.5466], [-1.6119, -3.6879, 6.6945, -8.3869, 5.9073, 0.3981, 4.0939, -3.067, -5.8279, -1.0989, -1.9335, -9.9487], [5.5447, 0.9462, 4.5179, 9.4949, 1.6779, 4.926, 9.9483, 3.9553, 2.9995, -3.8532, -3.8452, 4.1948]]"
tpat_S1_N6_wm1.0_wo1.0_tp20_eps0.0001_r29,Szenario_1_Final,1,abbruchkriterium,3,414.65289968568607,285.833764134915,128.61336993883924,0.16377476907967808,0.04199084285218624,"[1, 2, 3, 4]","[471.3227354807857, 416.9021501538456, 414.65289968568607, 425.86151754343626]","[38.4346, 34.6648, 31.332, 28.174]",132.6054,1.0,1.0,1.0,0.15,AAAABB,6,24,"[8, 8, 8]","[[-5.5426, 5.9247, -1.1058, -6.4002, -4.2565, -1.3597, -1.3031, -5.2184, -9.9496, 0.0054, 0.0042, 4.6608], [-1.7992, -9.9314, 4.5031, -0.5037, -3.0731, -9.8711, -6.5041, -0.8153, -2.6619, -2.1312, 5.1421, -5.9551], [5.6347, 1.21, 9.9222, 3.8827, -4.2573, 4.2034, 6.1251, 8.7377, 0.273, 5.3323, 2.9992, -3.5064]]"
tpat_S1_N6_wm1.0_wo1.0_tp5_eps0.0001_r30,Szenario_1_Final,1,abbruchkriterium,3,407.5846070057793,277.98196501480203,129.6026419909773,0.0,0.0,"[1, 2, 3, 4]","[514.500450100387, 427.71150436969475, 407.5846070057793, 428.0116187309494]","[8.7019, 23.8624, 38.6365, 32.2473]",103.4481,1.0,1.0,1.0,0.15,AAAABB,6,24,"[8, 8, 8]","[[-1.401, -4.7072, -3.9259, -1.9891, -8.721, -2.6259, -3.0916, 3.6689, 1.2197, 6.2613, -9.4453, 5.9714], [6.1044, 0.4979, -2.0466, -5.3236, 5.0008, -9.7673, -1.4579, -9.9434, 4.386, -2.6889, -5.1266, -1.2984], [4.8649, 1.1349, 9.9237, 2.1004, 2.0097, 6.1509, 6.7249, 8.5958, -2.8167, 3.8049, 3.1049, -4.1891]]"
tpat_S1_N6_wm1.0_wo1.0_tp20_eps0.0001_r30,Szenario_1_Final,1,abbruchkriterium,3,397.1649049003498,273.3497756408906,123.79730626141688,0.01782299804241781,0.0,"[1, 2, 3, 4]","[495.9412879649115, 428.5754824989483, 397.1649049003498, 436.7242374484589]","[23.3712, 35.8179, 48.2954, 36.8754]",144.3599,1.0,1.0,1.0,0.15,AAAABB,6,24,"[8, 8, 8]","[[-1.8276, 3.9366, 1.296, 6.2171, -5.2046, -1.2674, -9.8354, -3.7655, -1.5032, -4.7261, -8.6246, 5.4696], [5.7968, 0.2629, -1.5042, -2.9322, 4.023, -3.1648, -4.7639, -1.4049, 5.4229, -9.5588, -3.6968, -8.5871], [1.9567, 9.9451, 4.9104, -0.3526, 3.0856, -3.9915, 1.6325, 4.4866, -3.4232, 4.0016, 9.1207, 5.5825]]"
tpat_S1_N6_wm1.0_wo1.0_tp20_eps0.0001_r03,Szenario_1_Final,1,abbruchkriterium,3,393.09077517306844,271.96801399638787,121.1227611766806,0.0,0.0,"[1, 2, 3, 4]","[507.70031049882834, 431.77038867687475, 393.09077517306844, 418.12495124904353]","[47.3758, 22.1974, 54.6415, 25.0981]",149.3128,1.0,1.0,1.0,0.15,AAAABB,6,24,"[8, 8, 8]","[[-1.4038, -4.8509, -3.2261, -1.7125, 1.0734, 5.9002, -2.4436, 3.8522, -9.6929, -2.4211, -8.3043, 6.7094], [7.3163, -6.5826, 6.4258, 0.6963, 3.5902, -2.743, -4.3079, -7.4369, -3.0461, -1.9082, 1.4091, -9.9462], [4.1478, 0.2598, 0.7815, 4.4538, 2.903, -3.8736, -3.1938, 3.8244, 9.9466, 2.2884, 4.2829, 9.6869]]"
tpat_S1_N6_wm1.0_wo1.0_tp20_eps0.0001_r08,Szenario_1_Final,1,abbruchkriterium,3,402.40946070228216,273.4664177678772,128.94304293440496,0.0,0.0,"[1, 2, 3, 4]","[489.8825255665227, 409.5553559143183, 402.40946070228216, 416.3321444888575]","[25.7619, 28.1023, 53.8184, 23.7705]",131.4531,1.0,1.0,1.0,0.15,AAAABB,6,24,"[8, 8, 8]","[[-1.5006, -4.3869, -8.3181, -4.5044, -5.0727, 6.8281, -4.1761, -1.583, -9.9426, 3.3736, -0.2857, 4.2626], [-2.0322, -3.5531, -5.5014, -1.1003, 5.1603, -6.5884, 6.8562, -9.1858, 4.2534, -0.7856, -2.6201, -9.6333], [9.378, 1.3986, 2.9229, -3.8117, 1.4972, 4.5721, 4.7627, 0.2193, -3.9564, 4.1958, 5.6283, 9.6534]]"
tpat_S1_N6_wm1.0_wo1.0_tp10_eps0.0001_r12,Szenario_1_Final,1,abbruchkriterium,3,397.2906167851627,272.55038811979324,124.74022866536946,0.0,0.0,"[1, 2, 3, 4]","[472.16050005809643, 417.6335119690747, 397.2906167851627, 425.65951304842736]","[54.9401, 24.8001, 53.8873, 24.4]",158.0275,1.0,1.0,1.0,0.15,AAAABB,6,24,"[8, 8, 8]","[[-1.302, -5.2064, -9.2484, -3.2112, -3.7294, -1.6333, -9.9314, -0.6397, -0.2847, 4.263, -7.1997, 6.3007], [-5.8029, -1.0013, 3.3246, -3.242, -3.0194, -9.1618, -2.3614, -3.8001, 5.4852, -9.9236, 6.2579, 0.5136], [9.3379, 1.4539, 2.9092, -3.7189, 4.77, 0.2039, 1.5958, 4.6356, 5.6218, 9.7356, -3.6662, 4.0948]]"
tpat_S1_N6_wm1.0_wo1.0_tp10_eps0.0001_r16,Szenario_1_Final,1,abbruchkriterium,3,406.04183746615917,285.18635083840525,120.855486627754,0.0,0.0,"[1, 2, 3, 4]","[506.42396930465713, 427.9888814132412, 406.04183746615917, 424.94979976892444]","[31.181, 51.3938, 31.4748, 44.6793]",158.7289,1.0,1.0,1.0,0.15,AAAABB,6,24,"[8, 8, 8]","[[-5.6201, 5.6162, -9.9099, -1.193, 5.0695, 1.1224, -5.763, -0.7852, -0.0295, 4.6768, -1.5061, -4.7984], [4.3236, -3.2785, -1.3928, -3.6515, 5.4076, 0.0952, 5.951, -9.1807, -2.5408, -9.9473, -5.8318, -1.0969], [8.9085, 0.0806, 2.9123, -3.6002, -1.4896, 3.2033, 3.8853, 0.9029, 0.3729, 7.47, 8.9276, 7.2407]]"
tpat_S1_N6_wm1.0_wo1.0_tp15_eps0.0001_r17,Szenario_1_Final,1,abbruchkriterium,3,401.9177789638511,275.145401782075,126.7510982099592,0.021278971816952402,0.0,"[1, 2, 3, 4]","[431.69206217002863, 430.86384451739036, 401.9177789638511, 426.88035718399715]","[46.2134, 35.5319, 35.1931, 22.0555]",138.9939,1.0,1.0,1.0,0.15,AAAABB,6,24,"[8, 8, 8]","[[-9.1952, -2.4521, -4.0721, -2.0226, -3.0557, 3.5994, -1.4011, -4.7023, -9.4605, 6.1877, 1.2202, 6.2617], [-2.1556, -6.0501, -3.2401, -9.894, 4.7962, -6.0211, 5.0752, -9.6754, 4.3979, -0.6956, -3.8348, -1.6972], [-3.2533, 4.2079, 1.2706, 4.4762, 7.6409, 0.0198, 2.5268, 9.6664, 2.9001, -2.2462, 9.1878, 5.7151]]"
tpat_S1_N6_wm1.0_wo1.0_tp5_eps0.0001_r21,Szenario_1_Final,1,abbruchkriterium,3,404.0880207024564,272.7460030896806,131.34201761277586,0.0,0.0,"[1, 2, 3, 4]","[468.71513547780773, 429.0745513026891, 404.0880207024564, 423.6694805324566]","[66.1329, 38.8619, 23.301, 38.6172]",166.913,1.0,1.0,1.0,0.15,AAAABB,6,24,"[8, 8, 8]","[[-9.5164, -4.063, -4.8226, -1.2905, 2.0663, 7.8813, -1.7025, 4.3172, -9.0776, 4.9676, -1.6064, -4.3375], [3.6907, -2.6738, 5.9074, 0.3881, -5.4077, -1.102, -2.0356, -3.3328, -3.0747, -9.8009, 6.1405, -8.7607], [7.0919, 8.482, 9.9208, 1.6931, 2.1069, 6.6133, 4.8961, 1.1756, 3.1003, -4.183, -2.2606, 3.6229]]"
tpat_S1_N6_wm1.0_wo1.0_tp15_eps0.0001_r24,Szenario_1_Final,1,abbruchkriterium,3,399.6438102353528,273.5347447380435,126.10906549730933,0.0,0.0,"[1, 2, 3, 4]","[478.7882943999459, 434.23882441865396, 399.6438102353528, 425.49043524343244]","[28.8188, 22.7664, 23.2664, 23.0957]",97.9473,1.0,1.0,1.0,0.15,AAAABB,6,24,"[8, 8, 8]","[[-4.7726, -1.1474, -5.4218, 5.4535, -9.9322, 3.9907, -9.6367, -2.9294, 0.0204, 4.672, -1.4991, -4.9234], [-4.3735, -9.7114, 6.2225, 0.597, 4.0695, -2.5232, -1.8499, -4.9157, -4.3335, -1.5003, 4.6944, -9.4938], [0.4557, 8.8602, 6.0244, 0.694, 1.373, 4.4259, -3.1777, 3.8038, 9.7454, 6.0124, 2.9044, -3.1843]]"
tpat_S1_N6_wm1.0_wo1.0_tp40_eps0.0001_r25,Szenario_1_Final,1,abbruchkriterium,3,408.1350012914554,280.121523013164,127.93102579585748,0.08245248243395958,0.0,"[1, 2, 3, 4]","[502.4851498693795, 411.24258515864665, 408.1350012914554, 422.3911884474106]","[43.5367, 21.0623, 25.0201, 35.9548]",125.5739,1.0,1.0,1.0,0.15,AAAABB,6,24,"[8, 8, 8]","[[1.3711, 6.3812, -6.8752, -1.5717, -2.2556, 3.5409, -9.8054, -2.5133, -8.1235, 6.55, -1.7998, -3.5179], [6.2186, 0.5955, -3.8017, -8.8417, 4.4655, -2.8699, -6.2472, -0.918, -2.2272, -2.8942, 3.6553, -9.9425], [0.8123, 8.6726, -2.8976, 3.7015, 1.454, 3.5513, 2.703, -2.4995, 7.387, -0.3547, 8.2288, 8.1177]]"
tpat_S1_N6_wm1.0_wo1.0_tp20_eps0.0001_r13,Szenario_1_Final,1,abbruchkriterium,3,395.2897430736922,273.7060794478136,121.58366362587861,0.0,0.0,"[1, 2, 3, 4]","[499.9716400634432, 422.70406116938415, 395.2897430736922, 432.6360966690998]","[61.0118, 63.5891, 52.4822, 35.1712]",212.2543,1.0,1.0,1.0,0.15,AAAABB,6,24,"[8, 8, 8]","[[-3.9272, 3.8166, 0.0831, 4.607, -7.8162, 7.2551, 1.2848, 6.2035, -9.1092, -1.2709, -1.8089, -3.6555], [5.7576, 0.2417, -2.1621, -3.6234, 3.4312, -2.5473, -5.3029, -1.2025, 6.2882, -8.6554, -3.0194, -9.8541], [7.8064, 1.2227, 4.377, -4.0723, 3.2858, -0.403, 1.4165, 4.9409, 6.5262, 9.0672, -3.9537, 4.1998]]"
