Task_ID,Messobjekt,Run_ID,Status,Gewaehltes_k,Finale_Kosten_J,cost_crlb,cost_move,cost_obs,cost_inter,k_Verlauf,Kosten_Verlauf,Rechenzeit_Verlauf_s,Rechenzeit_gesamt_s,w_move,w_obs,d_safe,d_crash,robot_types,N_Roboter,N_Drohnenposen,Gruppengroessen,Formationen
tpat_s3_S3_N6_wm1.0_wo1.0_tp5_eps0.0001_r01,Szenario_3_Final,1,abbruchkriterium,7,1244.801511661573,904.3217727727875,334.71784635113187,5.631439307370912,0.13045323028252445,"[1, 2, 3, 4, 5, 6, 7, 8]","[79062.02357345245, 2673.0278214339487, 1500.4347921463464, 1361.3475592553993, 1274.6332215965951, 1263.0963336037084, 1244.801511661573, 1284.1267664649076]","[84.2895, 112.4258, 161.0467, 169.2925, 71.0651, 151.7162, 137.8175, 206.4101]",1094.0634,1.0,1.0,1.0,0.15,AAAABB,6,76,"[12, 12, 8, 12, 8, 12, 12]","[[-5.0497, -5.8319, -9.944, -2.2279, -9.9381, -9.9389, -9.9431, -8.4086, -0.1636, -7.7966, -5.7904, 1.2315], [5.9071, -2.4237, 9.2672, 9.9457, 6.0059, -0.4229, 0.7432, 9.9192, 2.4875, 6.1779, 9.9488, 4.5695], [-3.406, 6.2515, -1.062, 7.7456, -1.8435, 3.7649, -1.0863, 0.557, 2.0459, 1.8127, 2.7406, 6.5652], [1.1408, -4.4713, -2.6531, -9.9437, -4.9352, -4.5475, -2.4043, -4.558, 3.0815, -9.9448, 6.8151, -3.6933], [7.3834, 7.5049, -6.2098, 7.0577, -7.1187, 7.7638, -2.2722, -0.9761, 3.4723, 9.9423, 2.3364, -1.3273], [1.6767, -8.1205, 5.6592, 1.4049, 2.3154, -7.3057, 4.4441, -4.8121, 9.9397, -9.3457, 9.9497, -1.5518], [-9.9485, 0.1351, 0.7901, 4.6273, -1.3165, 8.5077, -3.8466, 5.9939, -5.6471, -1.2504, -9.9483, 7.1145]]"
tpat_s3_S3_N6_wm1.0_wo1.0_tp20_eps0.0001_r01,Szenario_3_Final,1,abbruchkriterium,7,1243.255765960228,905.6564100017363,333.9003438070315,3.6803065710385208,0.018705580421551807,"[1, 2, 3, 4, 5, 6, 7, 8]","[372518.56514055916, 2404.379700234439, 1562.5268768250849, 1389.078439723874, 1297.0609756631302, 1271.1657711381529, 1243.255765960228, 1300.4081597455727]","[92.8512, 162.3404, 196.1855, 186.2934, 200.0868, 203.2448, 193.2852, 88.6244]",1322.9117,1.0,1.0,1.0,0.15,AAAABB,6,76,"[12, 12, 8, 12, 8, 12, 12]","[[-9.9494, -2.4345, -4.8907, -6.0737, 0.7919, -8.4265, -0.2101, -7.6014, -5.8116, 1.0691, -9.949, -9.2759], [-0.3812, 8.4629, 0.8084, 7.419, 5.65, -1.0128, 4.9179, 5.3764, 9.9437, 1.5819, 9.945, 9.9436], [0.9072, 8.1276, 1.5701, 1.4784, -1.9538, 3.2483, -0.8127, 0.6318, 2.9525, 5.6871, -2.9981, 6.5999], [1.8977, -9.9463, -2.8511, -9.9443, 2.1784, -4.6692, 4.9848, -9.9462, 7.5417, -3.2965, -3.6566, -4.5441], [-6.9913, 7.5699, -0.1399, 9.9461, -6.4812, 8.7908, 2.2523, -1.2454, -2.3415, -1.349, 6.7105, 7.0769], [-0.6934, -4.949, 3.7769, -5.7118, 9.948, -0.5558, 1.4173, -8.4129, 9.9448, -7.2659, 5.6991, 1.3171], [-9.9423, 9.4097, -5.1809, 6.3252, -1.709, 8.0064, 1.5905, 4.7426, -5.582, -1.7112, -9.9499, 1.7432]]"
tpat_s3_S3_N6_wm1.0_wo1.0_tp15_eps0.0001_r02,Szenario_3_Final,1,abbruchkriterium,7,1229.7341217373819,907.5911430151286,319.6895046008348,2.257941105348661,0.19553301606974915,"[1, 2, 3, 4, 5, 6, 7, 8]","[546086.7367750079, 2519.6200944170246, 1467.1961272785193, 1376.5766601415648, 1290.9776825760612, 1250.5972913593796, 1229.7341217373819, 1288.3445991177637]","[163.4511, 129.5234, 109.7984, 148.0468, 135.5302, 112.6141, 119.5847, 129.3332]",1047.8819,1.0,1.0,1.0,0.15,AAAABB,6,76,"[12, 12, 8, 12, 8, 12, 12]","[[-5.3154, -6.9186, -9.9455, -3.5063, -9.926, -9.1877, -5.9705, -1.4158, -5.7143, 3.2261, 0.2297, -8.1498], [4.8337, 5.9079, 9.9468, 2.1761, 0.0021, 8.1311, 0.8107, 7.4057, 9.9466, 9.1458, 5.8202, -1.2374], [3.3876, 4.9745, 1.7794, 1.0603, -2.7213, 7.1842, -3.0876, 5.2143, 1.6262, 7.0887, -1.2494, 1.4321], [-5.8076, -3.8154, 6.7736, -3.5186, 5.8205, -3.8165, -0.7143, -4.6548, 4.8932, -9.9472, -2.3743, -9.9339], [-2.3514, -1.3511, 0.1433, 9.949, 2.1554, -1.1742, 0.9124, -1.1816, 6.9061, 7.5107, -6.533, 7.2786], [5.7237, 2.8375, 1.1422, -4.9828, 5.7497, -1.7616, 9.9412, -0.4793, 1.1828, -8.7652, 9.9382, -7.6646], [-4.0756, 5.1932, 1.4741, 4.7974, -9.949, 0.7957, -1.7022, 8.0847, -9.949, 7.7317, -5.7259, -2.2269]]"
tpat_s3_S3_N6_wm1.0_wo1.0_tp40_eps0.0001_r02,Szenario_3_Final,1,abbruchkriterium,6,1221.6158752316126,925.7032851790857,293.2023586903245,2.692755130924366,0.017476231277988086,"[1, 2, 3, 4, 5, 6, 7]","[6179.69027154521, 2268.242157989346, 1463.0621096425677, 1386.991615082812, 1296.7497167850395, 1221.6158752316126, 1256.745781051041]","[189.3693, 81.1896, 125.5962, 86.3106, 155.2554, 89.211, 155.5859]",882.518,1.0,1.0,1.0,0.15,AAAABB,6,76,"[12, 12, 12, 12, 12, 16]","[[-9.9408, -8.4624, -9.9483, -2.1253, -9.9257, -9.8807, -4.9645, -5.9907, -0.273, -7.6902, -5.8186, 1.2426], [5.8687, -2.4235, 9.9487, 1.3236, 5.7712, 1.2578, 5.5767, 9.9396, 9.95, 7.3012, 1.7688, 6.7771], [-2.1055, 7.5419, -4.2649, 4.9269, 1.0126, 4.6023, -5.6441, -1.5496, -9.9443, 9.0855, -9.9487, 0.8015], [5.8326, -0.2906, 3.0182, -6.5072, 9.943, -1.5505, 5.7656, 2.1522, 9.9408, -7.7675, 1.7994, -8.068], [-3.9879, -9.9242, 1.5075, -4.6402, 6.4052, -3.615, 7.6016, -3.2175, 3.0893, -9.949, -3.6403, -4.5423], [-2.1524, -1.1515, -0.5289, 9.9494, 2.1596, -1.1507, 0.1628, 3.1797, 5.4479, 7.2183, -5.7603, 6.7652]]"
tpat_s3_S3_N6_wm1.0_wo1.0_tp15_eps0.0001_r03,Szenario_3_Final,1,abbruchkriterium,7,1245.5162779893135,912.7347701417466,329.7724052550927,2.9627854429248894,0.046317149549115755,"[1, 2, 3, 4, 5, 6, 7, 8]","[80155.3648245723, 2300.4249521466827, 1502.9468345074656, 1385.3302941957024, 1285.5656290748705, 1245.6929454084582, 1245.5162779893135, 1303.1734585186987]","[108.5502, 153.6044, 217.3764, 214.7229, 156.1012, 126.1454, 128.3555, 153.7691]",1258.6251,1.0,1.0,1.0,0.15,AAAABB,6,76,"[12, 12, 8, 12, 8, 12, 12]","[[-4.9713, -6.0231, 0.5891, -8.2031, -9.9437, -2.2422, -0.5068, -7.4086, -5.8104, 1.0606, -9.9483, -9.2999], [0.4209, 7.8213, 5.6721, -0.4924, 4.5627, 6.0481, -0.6166, 3.5094, 9.9148, 9.9098, 9.9493, 1.5], [1.749, 3.856, 0.3755, 7.7414, 1.1304, 0.6333, 3.0229, 6.3743, -2.0573, 1.6818, -3.1001, 6.5162], [5.2073, -9.9488, 6.7131, -3.5026, 2.0056, -9.9449, -2.7498, -9.9497, -2.7913, -4.5292, 5.6767, -4.0015], [4.8243, 9.9429, -5.1996, 5.9063, 1.4747, -1.2081, -2.1574, -1.1755, -4.9585, 9.9417, 5.9339, 6.4824], [9.9447, -9.8752, -1.2692, -5.0, 9.9459, -7.5629, 5.6914, 1.2267, 3.5845, -5.9684, 9.9443, -0.5982], [-9.9482, 1.1049, -3.6268, 5.6007, -5.6959, -0.0879, -5.7955, -3.1331, -9.9498, 7.6793, -1.4877, 8.4882]]"
tpat_s3_S3_N6_wm1.0_wo1.0_tp40_eps0.0001_r03,Szenario_3_Final,1,abbruchkriterium,5,1239.9925548955923,995.7249866589318,240.2717770261395,3.9957912105211393,0.0,"[1, 2, 3, 4, 5, 6]","[369377.69809709536, 2285.7660500235597, 1588.970640864659, 1360.667123135153, 1239.9925548955923, 1257.7746644496763]","[90.7975, 113.0284, 167.7063, 176.0215, 158.1926, 71.0018]",776.7481,1.0,1.0,1.0,0.15,AAAABB,6,76,"[14, 16, 16, 18, 12]","[[3.8136, 6.6888, 5.6109, -4.3087, 5.484, 1.5324, -0.8459, 5.0554, 9.9236, -0.8428, 9.944, 7.619], [2.2811, -0.5944, -3.349, 9.9464, 0.4324, 6.157, -5.4113, 6.3983, -2.1158, -0.671, 6.4088, 6.879], [-5.8391, 0.9175, -9.8761, -1.9002, -4.1307, -4.7073, 0.6414, -4.6452, -9.9481, -9.5443, -0.8541, -9.9492], [4.1031, -5.2392, 0.1427, -9.9301, 9.9227, -2.0984, -0.9507, -4.6119, 7.1945, -0.5529, 9.2781, -9.9485], [-3.9474, 5.3007, -5.7518, -0.2349, -5.0025, -4.8811, -9.9477, 1.0146, -0.9858, 9.068, -9.9496, 7.6781]]"
tpat_s3_S3_N6_wm1.0_wo1.0_tp10_eps0.0001_r04,Szenario_3_Final,1,abbruchkriterium,6,1244.2818847575948,920.261428328991,320.72952162055975,3.276531080867572,0.01440372717622999,"[1, 2, 3, 4, 5, 6, 7]","[332820.3791580235, 2459.5863384705344, 1599.783860958876, 1463.2249417769988, 1255.0400781872067, 1244.2818847575948, 1264.0356861750797]","[77.568, 65.768, 65.2489, 82.692, 103.1627, 110.0127, 140.5686]",645.0209,1.0,1.0,1.0,0.15,AAAABB,6,76,"[12, 12, 12, 12, 12, 16]","[[-9.8387, -9.7416, -9.9231, -2.6116, -9.9408, -7.9288, 0.9576, -8.503, -2.6288, -6.2944, -5.9323, 1.0992], [-0.8035, 8.8278, 4.688, 5.9841, 0.2088, 7.9071, 9.9352, 2.3226, 9.9491, 9.126, 5.7518, -1.0325], [-2.1059, 7.5244, -2.9115, 6.5017, -9.9252, 3.1286, -9.9498, -1.0932, -5.5964, -0.8588, -9.9423, 8.2889], [4.3094, -4.9074, 5.6532, 1.0787, 9.2905, 0.5398, 9.94, -9.9311, 9.9495, -5.788, 1.2851, -8.6814], [5.9758, -9.9489, -1.7631, -4.6396, -6.2045, -3.7038, 3.1381, -9.9497, 4.1856, -4.5267, -3.0579, -9.95], [0.4413, 3.0996, -0.8815, 9.9407, -2.142, -1.1125, 2.2322, -1.2347, -5.5339, 6.5146, 5.2538, 7.3674]]"
tpat_s3_S3_N6_wm1.0_wo1.0_tp30_eps0.0001_r04,Szenario_3_Final,1,abbruchkriterium,7,1230.4006249500057,902.8410217458373,324.35043861777746,3.1080057728436525,0.10115881354725667,"[1, 2, 3, 4, 5, 6, 7, 8]","[436870.3755274428, 2403.2135249644257, 1520.4026380401947, 1395.4384952224045, 1288.7309074428074, 1235.9315780289933, 1230.4006249500057, 1256.9734269062321]","[141.4417, 98.0238, 71.3601, 82.3578, 70.6727, 96.591, 102.6496, 92.7272]",755.8239,1.0,1.0,1.0,0.15,AAAABB,6,76,"[12, 12, 8, 12, 8, 12, 12]","[[-9.9269, -9.7218, -7.4837, -9.6237, -0.4335, -7.5001, -3.1161, -5.9838, -5.665, 0.9613, -9.9493, -2.7954], [3.4598, 5.9276, 6.9645, 2.9117, 9.9497, 1.2345, 5.7576, -1.6265, -0.7531, 8.8834, 9.9166, 9.6207], [0.4137, 7.7061, 1.0818, 0.6158, 3.04, 6.389, 1.8051, 3.8534, -2.0534, 1.745, -3.0995, 6.5397], [-5.8265, -3.8122, -1.8947, -4.6664, 6.2539, -3.7077, 2.8458, -4.6403, 4.0972, -9.9496, -3.2468, -9.9368], [-1.2518, -1.1241, 5.2979, 5.8002, 2.2918, -1.2404, -2.2599, -1.2461, 3.4437, 9.9495, -6.8576, 7.7524], [4.3566, -4.9021, 9.9478, -1.297, 5.668, 4.4497, 5.7923, 0.3928, 1.4849, -8.465, 9.9463, -7.5291], [-9.9209, 0.3879, -2.3298, 4.414, -9.7927, 5.8631, -9.9463, 8.6034, -5.583, -1.0386, -1.4497, 8.5631]]"
tpat_s3_S3_N6_wm1.0_wo1.0_tp10_eps0.0001_r05,Szenario_3_Final,1,abbruchkriterium,6,1250.4581999130291,935.5014850170843,311.97440539970705,2.941822662332986,0.04048683390470851,"[1, 2, 3, 4, 5, 6, 7]","[242065.8414900352, 2385.087411123468, 1521.0577311518962, 1378.5224219844301, 1275.836482300857, 1250.4581999130291, 1262.9403007212707]","[145.2334, 118.3118, 164.3038, 150.1053, 90.9924, 146.0639, 148.746]",963.7566,1.0,1.0,1.0,0.15,AAAABB,6,76,"[12, 12, 12, 12, 12, 16]","[[-9.9496, -1.8988, -2.7594, -5.8204, -4.5192, -9.8959, -0.2065, -7.6141, -5.6927, 0.5416, -9.9383, -7.6326], [9.8589, 9.8415, 9.853, 5.8524, -1.8104, 3.1208, 9.949, 1.204, 5.6733, -0.6851, 2.5553, 7.3845], [-5.5959, -0.6499, -9.9429, 5.0407, -2.2052, 7.4489, -3.7567, 5.5107, -9.9421, 8.8519, -9.949, -0.8945], [9.9425, -8.4648, 0.9284, -9.0359, 9.9414, -9.617, 5.654, 1.574, 3.8807, -5.5713, 9.9459, -1.3714], [2.632, -4.6696, 5.9928, -3.8779, -5.9076, -3.8396, -2.0553, -4.6439, -3.285, -9.9451, 4.1741, -9.9487], [5.5692, 6.1566, -2.1988, -1.0034, -0.342, 7.3625, 3.6211, 9.9297, 2.2371, 0.0241, -5.2294, 6.0833]]"
tpat_s3_S3_N6_wm1.0_wo1.0_tp30_eps0.0001_r05,Szenario_3_Final,1,abbruchkriterium,7,1223.2571240388422,903.7508885364714,316.6169436762524,2.8172576862160703,0.07203413990235198,"[1, 2, 3, 4, 5, 6, 7, 8]","[675117.2534600378, 2485.9271298299864, 1521.7180518749449, 1415.5756790656105, 1269.3738046199505, 1249.4327098882754, 1223.2571240388422, 1269.922661739058]","[67.6949, 98.1003, 112.3917, 124.4714, 104.3038, 127.1565, 98.3526, 164.1145]",896.5857,1.0,1.0,1.0,0.15,AAAABB,6,76,"[12, 12, 8, 12, 8, 12, 12]","[[0.1987, -7.9215, -5.5521, -5.6849, -5.7521, 0.663, -1.4125, -6.7011, -9.8937, -1.2021, -9.9328, -9.9246], [5.9297, 0.0815, 5.8895, -2.6159, 9.95, 2.3133, 4.7969, 6.1005, 0.6643, 7.6862, 9.9493, 9.1752], [-3.0499, 5.0862, 1.8713, 1.1271, 3.4237, 4.9983, -2.769, 7.1276, -1.166, 1.3541, 1.5698, 7.1102], [-0.1262, -4.6501, 3.8063, -4.644, 4.6743, -9.9301, 7.0009, -3.4474, -6.2776, -3.7968, -1.668, -9.9486], [-2.3484, -1.3483, 6.2895, 7.5796, 4.3961, 9.3045, -2.3022, -0.2798, -5.9366, 8.4244, 2.353, -1.3473], [5.8996, 3.1287, 9.9479, -1.5353, 5.7946, 0.2724, 3.8666, -5.5106, 9.9496, -7.8587, 1.3824, -8.5654], [-9.9424, 0.3768, -5.7884, -3.1501, -5.742, 1.3126, 1.475, 4.649, -9.9459, 7.4976, -2.2785, 7.4703]]"
tpat_s3_S3_N6_wm1.0_wo1.0_tp10_eps0.0001_r06,Szenario_3_Final,1,abbruchkriterium,6,1237.7209916217855,943.7743738521269,291.1769370191207,2.7696807505379586,0.0,"[1, 2, 3, 4, 5, 6, 7]","[761024.6053537687, 2565.1716729363, 1640.8437356318498, 1406.729774760885, 1255.8132162054862, 1237.7209916217855, 1250.242423099175]","[163.1503, 111.7123, 74.9044, 165.3675, 166.0187, 119.5434, 84.1832]",884.8798,1.0,1.0,1.0,0.15,AAAABB,6,76,"[12, 12, 12, 12, 12, 16]","[[-5.9171, -0.3081, -5.9687, 2.3907, -4.9617, -6.0536, -9.9494, -2.467, -0.0707, -7.8811, -9.9484, -9.4668], [9.5057, -0.8341, 5.7567, -0.4481, 4.3663, 5.0693, 9.9472, 4.0935, 9.92, 9.9448, 0.485, 7.8842], [-9.816, 0.915, -5.7006, -1.2765, -2.2493, 4.3036, -1.457, 9.9301, -2.5916, 7.064, -9.95, 7.7761], [-0.1198, -6.6997, 2.5064, -7.1145, 5.6325, 2.1447, 5.6425, -2.885, 9.9479, -8.3195, 9.9498, -0.1695], [-0.059, -4.6451, 4.3621, -4.6641, 7.8077, -3.1021, -3.3275, -9.9446, -5.7288, -4.0093, 3.1066, -9.9496], [-3.5553, 9.9483, 2.237, 0.0736, -0.1317, 6.3923, -5.5944, 6.3004, -2.144, -0.9338, 6.0292, 6.6869]]"
tpat_s3_S3_N6_wm1.0_wo1.0_tp40_eps0.0001_r06,Szenario_3_Final,1,abbruchkriterium,6,1250.0436810986555,937.8119317950798,308.080675093956,4.0967528908615565,0.054321318758157905,"[1, 2, 3, 4, 5, 6, 7]","[285307.90931109013, 2302.1769874527818, 1703.8403045176897, 1405.8366930135446, 1263.5202859038238, 1250.0436810986555, 1279.6976984032053]","[72.6269, 96.3666, 137.0331, 188.3467, 113.0241, 106.1027, 83.402]",796.9021,1.0,1.0,1.0,0.15,AAAABB,6,76,"[12, 12, 12, 12, 12, 16]","[[0.5721, -8.2702, -5.0832, -5.8501, -9.9472, -2.1778, -0.3234, -7.612, -5.7395, 1.1566, -9.9473, -9.0304], [9.9445, 9.7261, 9.9466, 2.3336, 0.4375, 9.2719, 9.9398, 7.4733, 5.833, -1.2084, 2.4837, 6.1773], [-9.9355, 9.0245, 0.701, 4.6028, -9.9447, 5.1293, -9.95, 0.1728, -5.6298, -1.418, -2.6818, 6.9625], [2.5005, -7.1132, 5.6591, -2.9916, 5.65, 2.0856, -0.2446, -5.8812, 9.9488, -8.2835, 9.9492, 0.0293], [3.606, -9.9397, -3.4594, -9.9151, 5.7699, -9.9317, -1.4856, -9.8935, -2.8347, -4.5366, 4.3722, -4.5331], [-2.0601, -0.9836, -6.7922, 7.3034, -2.6464, 4.5944, 1.761, 0.3528, -0.5451, 9.9491, 5.6185, 6.177]]"
tpat_s3_S3_N6_wm1.0_wo1.0_tp15_eps0.0001_r07,Szenario_3_Final,1,abbruchkriterium,5,1267.9757867842447,1012.6226800700431,251.0209360778038,4.332170636397814,0.0,"[1, 2, 3, 4, 5, 6]","[304245.00368789304, 2458.5562757067946, 1556.817706564143, 1437.952905946342, 1267.9757867842447, 1268.5384633397516]","[86.1863, 74.8183, 98.7627, 137.4405, 110.8152, 74.009]",582.032,1.0,1.0,1.0,0.15,AAAABB,6,76,"[14, 16, 16, 18, 12]","[[1.2833, 7.124, 5.4737, -1.4315, 4.5021, 5.1035, 9.9482, 3.3007, 9.949, 9.0825, 9.9499, -2.931], [0.6059, 9.9369, 2.2796, -0.3735, 2.1773, 5.2941, 6.4822, 6.8036, -2.2541, -0.5701, -5.3859, 7.057], [-9.9488, -8.4469, -9.9499, -2.4039, -5.7099, -3.4028, -5.7152, 2.0492, 1.0671, -4.6324, -2.5798, -9.9481], [5.8927, 0.5718, 9.8287, -9.9461, -1.3836, -4.6129, 4.4057, -4.8001, 9.9222, -2.6637, 2.5468, -9.9495], [-0.8319, 9.2436, -5.7737, -2.6171, -5.7907, 0.3538, -9.9134, 1.1543, -2.5862, 7.0629, -9.936, 7.6827]]"
tpat_s3_S3_N6_wm1.0_wo1.0_tp30_eps0.0001_r07,Szenario_3_Final,1,abbruchkriterium,5,1254.2356479290954,1006.3767494261522,244.86047513607605,2.9984233668670184,0.0,"[1, 2, 3, 4, 5, 6]","[133406.10976307633, 2357.2409111970137, 1514.8045097112263, 1389.4201928059072, 1254.2356479290954, 1264.483037668539]","[64.5319, 94.1665, 107.3962, 100.7865, 97.4024, 92.4594]",556.7429,1.0,1.0,1.0,0.15,AAAABB,6,76,"[14, 16, 16, 18, 12]","[[9.9474, -2.157, 5.5381, -2.0028, 9.9495, 2.8051, 4.6129, 4.9045, 2.7936, 8.8631, 9.9458, 8.8498], [2.1747, -0.3482, -2.1202, 2.5291, 1.8114, 7.1878, -2.1422, -1.1805, 6.7317, 7.0797, -4.6261, 8.9662], [-3.7074, -5.0052, 0.9203, -4.7187, -0.4511, -9.9435, -9.9113, -1.8154, -9.602, -9.5592, -5.8118, 1.0296], [8.4297, 0.1153, 1.7542, -4.6293, 6.3007, -3.3004, -2.3127, -4.6791, 9.9401, -8.27, 1.3313, -9.9489], [-5.816, -1.4787, -9.8988, -0.7461, -9.9302, 9.9442, -4.4028, 4.6816, -9.9477, 6.0013, -2.1899, 7.5897]]"
tpat_s3_S3_N6_wm1.0_wo1.0_tp15_eps0.0001_r08,Szenario_3_Final,1,abbruchkriterium,7,1252.3650061441285,934.8085571744871,314.9869582977229,2.5474360424525835,0.022054629466101938,"[1, 2, 3, 4, 5, 6, 7, 8]","[192740.5793161312, 2391.42088312531, 1553.3237282410441, 1422.467897662689, 1284.0426150692542, 1256.491010377188, 1252.3650061441285, 1300.5715050672477]","[75.6902, 76.3959, 83.1582, 111.2033, 91.2319, 78.7058, 72.3081, 145.7866]",734.48,1.0,1.0,1.0,0.15,AAAABB,6,76,"[12, 12, 8, 12, 8, 12, 12]","[[-5.9453, 2.8245, 1.7984, -4.8995, -7.1767, -9.9454, -5.8638, 0.5217, -2.067, -6.3898, -9.9498, -4.2629], [0.2278, 7.9133, 3.5242, 5.2272, 5.4492, 9.8251, -0.8864, 1.4137, 9.9453, 5.3074, 6.4097, -1.2351], [1.5691, 3.4424, -1.4805, 8.0961, 1.0323, 0.6725, -1.514, 1.2239, -3.2788, 5.5842, 2.757, 6.5663], [0.8055, -4.6389, -3.0142, -9.9435, 7.0365, -3.4064, 5.8793, -3.8136, -4.0932, -4.5738, 3.338, -9.9498], [-5.1946, 5.9047, 2.1192, -1.1603, 5.9953, 6.4005, -2.1507, -1.1731, 5.2944, 9.9464, -6.0363, 9.9366], [9.9455, -0.5042, -1.207, -5.0571, 1.1865, -8.9869, 3.2932, -6.4554, 9.9446, -7.2457, 5.6267, 0.8145], [-4.302, 4.8887, -9.8791, 3.4935, -9.886, -1.0705, -5.6738, -1.0112, -1.9094, 7.9739, -9.9254, 9.2938]]"
tpat_s3_S3_N6_wm1.0_wo1.0_tp30_eps0.0001_r08,Szenario_3_Final,1,abbruchkriterium,6,1233.5609150408106,923.0740189377958,306.5379731593486,3.9306174822420865,0.018305461423819076,"[1, 2, 3, 4, 5, 6, 7]","[281516.0315629396, 2523.646801183917, 1545.1190546187559, 1402.451193552944, 1270.3291759437916, 1233.5609150408106, 1290.3928965302757]","[140.6756, 150.0311, 137.2986, 83.3223, 71.7672, 84.3248, 235.33]",902.7496,1.0,1.0,1.0,0.15,AAAABB,6,76,"[12, 12, 12, 12, 12, 16]","[[-9.9476, -2.435, -4.7619, -5.963, -5.872, -0.1104, -5.8869, 2.3635, 0.5395, -8.2802, -9.9496, -9.3465], [9.9491, 2.1653, 4.7922, 5.7696, 0.6051, 7.6079, -0.3788, 8.4198, 5.7742, -1.2209, 9.9438, 8.9976], [-9.9392, 9.8875, -5.7319, -2.5168, -5.6735, 1.8941, -9.941, -0.2657, -9.9488, 6.5378, -2.0852, 7.7657], [1.9016, -7.8022, 9.9448, -9.0049, -0.759, -4.9522, 5.8695, -6.3616, 5.5478, 1.5368, 9.9499, -1.6793], [4.0795, -9.947, 5.4416, -9.942, 2.6895, -4.5847, 6.4198, -3.6141, -3.1935, -4.5421, -2.9732, -9.9394], [1.0974, 6.2385, -5.1986, 5.9031, -3.1387, 9.9491, -2.2565, 0.8481, 2.1596, -1.1506, 6.7111, 7.6831]]"
tpat_s3_S3_N6_wm1.0_wo1.0_tp15_eps0.0001_r09,Szenario_3_Final,1,abbruchkriterium,6,1251.8227872183343,942.9837243963659,305.62189375783794,3.1022672025180276,0.11490186161222621,"[1, 2, 3, 4, 5, 6, 7]","[10752.038372579185, 2421.4455091040086, 1759.835916354783, 1505.0317027667268, 1299.299643355089, 1251.8227872183343, 1277.351399763852]","[99.9949, 100.7366, 111.9624, 92.2615, 151.2432, 89.3575, 124.8473]",770.4034,1.0,1.0,1.0,0.15,AAAABB,6,76,"[12, 12, 12, 12, 12, 16]","[[-0.2197, -7.6062, -4.9847, -5.9584, 0.6824, -8.3061, -9.9469, -2.3577, -9.9475, -9.2604, -5.8056, 1.116], [9.9465, 3.4419, 5.7903, 1.0064, 9.9449, 8.8552, 5.2859, 6.8776, 5.7564, -2.9317, 0.0682, 8.1783], [-5.7237, 2.468, -5.8504, -1.7041, -2.1494, -9.5565, -9.9444, 0.4472, -1.8887, 7.9642, -9.9439, 7.8021], [5.6813, -1.5153, 2.9105, -6.6038, 2.25, -7.4473, 5.7205, 3.07, 9.949, -8.2234, 9.9477, -0.8135], [7.3582, -9.9471, -3.0985, -4.5795, 1.2617, -4.5658, 6.1448, -3.7029, 3.9664, -9.9484, -3.573, -9.9469], [2.0455, 9.7407, -5.3982, 6.1008, -2.0781, 3.5003, -3.6402, 9.3125, 5.1352, 5.7769, 0.4472, -1.2148]]"
tpat_s3_S3_N6_wm1.0_wo1.0_tp40_eps0.0001_r09,Szenario_3_Final,1,abbruchkriterium,7,1245.7298436837098,891.9331733096815,350.0942524580324,3.678746686489586,0.02367122950639015,"[1, 2, 3, 4, 5, 6, 7, 8]","[5590.836790534791, 2692.544419256473, 1583.0196858521308, 1402.085296149683, 1311.6777507242123, 1268.0463033488275, 1245.7298436837098, 1257.741351147774]","[108.4447, 203.3533, 87.6396, 124.678, 178.574, 133.278, 103.5063, 114.4002]",1053.8741,1.0,1.0,1.0,0.15,AAAABB,6,76,"[12, 12, 8, 12, 8, 12, 12]","[[-9.909, -2.6041, 0.5964, -8.205, -0.4024, -7.5066, -4.7696, -6.1177, -9.9433, -9.3476, -5.8379, 1.0879], [-0.2942, 8.3001, 3.4492, 6.5122, 5.7201, 1.3011, 5.7572, -2.5395, 9.9487, 2.1894, 9.6741, 9.7227], [3.19, 5.0104, -0.7486, 0.647, -1.9632, 3.356, 1.744, 1.7187, 1.6784, 7.609, -3.0872, 6.6181], [5.3759, -9.9414, 9.3114, -2.6052, 3.1488, -4.6426, 3.7333, -9.9478, -2.7806, -4.5222, -3.0288, -9.9499], [-6.1502, 9.7545, -3.9225, 9.9426, -6.0818, 6.7035, 5.1796, 9.9485, -0.4665, -1.2525, 6.2348, 6.6846], [5.7649, 2.3991, 9.9434, -0.1131, 5.6775, -1.8098, 9.9458, -4.1061, 9.946, -9.0611, 2.2792, -7.4654], [-5.7041, -2.7658, -9.9412, -1.5893, -9.9456, 1.9647, -5.6382, 1.3468, -9.9239, 8.1404, -2.4807, 7.1697]]"
tpat_s3_S3_N6_wm1.0_wo1.0_tp15_eps0.0001_r10,Szenario_3_Final,1,abbruchkriterium,6,1244.1380410942133,937.9053032777867,301.57909685777736,4.501254698640693,0.152386260008661,"[1, 2, 3, 4, 5, 6, 7]","[7050.744125655024, 2250.8652840327977, 1503.1381763974466, 1424.3657266452906, 1290.9703288475416, 1244.1380410942133, 1260.588722215803]","[89.028, 89.2628, 98.1988, 163.4631, 72.7927, 82.4161, 67.0985]",662.26,1.0,1.0,1.0,0.15,AAAABB,6,76,"[12, 12, 12, 12, 12, 16]","[[-6.0523, 3.4386, -0.1056, -7.7066, -7.0189, -9.3612, -2.5523, -5.9538, -5.678, 0.7244, -9.9499, -4.5745], [4.9044, 5.9198, -0.083, 8.2526, 9.9443, 2.4457, 0.6099, 7.6084, 5.8029, -1.2678, 9.9494, 9.2515], [-2.8599, 6.6164, -1.7511, 8.1048, -9.8683, 9.2771, -9.9409, -1.021, -5.5936, -0.4711, -9.9483, 5.4971], [9.9231, -1.4511, 4.1029, -5.2362, 2.6146, -6.9219, 0.9662, -9.037, 5.7028, 1.6558, 9.9498, -7.5729], [1.2446, -9.9485, 7.8053, -3.1114, 5.4719, -9.9488, -2.8453, -9.9457, 2.4195, -4.5155, -4.1895, -4.6201], [-2.3533, -1.3491, -2.2571, 3.2598, 5.9246, 8.4052, 2.914, 7.4811, 2.3678, 0.1298, -4.7435, 8.3939]]"
tpat_s3_S3_N6_wm1.0_wo1.0_tp5_eps0.0001_r11,Szenario_3_Final,1,abbruchkriterium,6,1248.9970563277618,945.2311129080279,301.04221959261287,2.7237238271210282,0.0,"[1, 2, 3, 4, 5, 6, 7]","[336012.3673083369, 2785.971478046806, 1541.9175778995607, 1337.420934043828, 1269.2505133055133, 1248.9970563277618, 1249.798883313088]","[12.9327, 89.0789, 139.0965, 166.5355, 165.7569, 136.3351, 70.0323]",779.7679,1.0,1.0,1.0,0.15,AAAABB,6,76,"[12, 12, 12, 12, 12, 16]","[[2.2795, -4.926, -9.2184, -1.535, -6.0986, 1.4646, -2.2694, -9.9207, -3.0771, -5.6474, -9.9374, -8.4716], [-0.7013, 3.4677, 0.1026, 8.0245, 5.6612, -0.4694, 4.6271, 6.1358, 9.9467, 9.9466, 9.9499, 1.3262], [-9.9157, 7.9751, -9.9043, 3.6215, -9.9328, 9.5422, -9.9416, -0.9879, -5.6008, -0.3359, -2.2816, 7.4722], [4.4125, -4.8608, 5.8202, 2.5805, 9.9499, -1.2406, 5.7645, 0.5702, 1.2803, -8.6749, 9.9467, -7.7747], [1.8367, -9.9468, 4.643, -9.9464, -3.2556, -9.9474, -6.2791, -3.7195, -0.8528, -4.5269, 6.743, -3.5954], [2.8765, 4.6652, -1.9561, 0.3122, 1.7058, -0.757, 6.8898, 7.1244, 0.4615, 9.9486, -5.2295, 6.0826]]"
tpat_s3_S3_N6_wm1.0_wo1.0_tp20_eps0.0001_r11,Szenario_3_Final,1,abbruchkriterium,6,1258.609159593751,958.3684276451768,296.62555483191755,3.6151771166565836,0.0,"[1, 2, 3, 4, 5, 6, 7]","[513982.67810175155, 2229.8013629668176, 1483.9093546406139, 1362.1529609231593, 1275.454947151869, 1258.609159593751, 1261.2600122205708]","[102.8983, 117.2841, 107.3328, 101.006, 96.256, 114.2647, 86.9373]",725.9792,1.0,1.0,1.0,0.15,AAAABB,6,76,"[12, 12, 12, 12, 12, 16]","[[-2.8007, -6.0717, -0.6131, -7.415, -9.9217, -9.8989, -5.715, -1.5443, -9.9445, -8.245, -9.9179, 0.5163], [6.4789, 6.5972, -1.7383, -1.1354, 9.9112, 2.8019, 9.109, 8.6045, 0.9328, 7.5851, 5.6701, -1.2785], [-9.9489, -0.5156, -5.7247, -2.2651, -9.9489, 4.0691, -5.6714, 1.6167, -9.948, 9.0696, -2.2824, 7.465], [1.1022, -8.7166, 5.355, -4.8487, 9.9431, -1.0639, 2.5095, -7.1124, 9.942, -7.6311, 5.6949, 1.9815], [-6.6344, -3.6827, 3.9108, -4.7325, 3.2491, -9.9461, -1.6489, -9.9472, 8.8219, -2.906, -2.616, -4.4832], [-2.1294, -0.2607, 1.7988, 4.6045, -4.2988, 5.1039, 2.0794, -1.0412, -3.2168, 9.9441, 6.419, 8.016]]"
tpat_s3_S3_N6_wm1.0_wo1.0_tp5_eps0.0001_r12,Szenario_3_Final,1,abbruchkriterium,3,1407.441155805345,1250.1250014330353,149.8710096265546,7.445144745755298,0.0,"[1, 2, 3, 4]","[275520.8305102979, 2635.358436995207, 1407.441155805345, 1409.8664156448372]","[74.4853, 142.0897, 146.866, 217.1381]",580.5791,1.0,1.0,1.0,0.15,AAAABB,6,76,"[28, 24, 24]","[[8.0442, 3.4003, -6.2109, 4.1089, 0.303, 1.2021, 2.1921, 3.8031, 6.0704, 9.9398, -4.7675, 9.3605], [5.4534, -3.9057, 5.5398, 3.3383, -1.2816, -4.6178, 9.943, -9.0733, 2.8149, -9.8913, 9.9473, -1.395], [-0.1447, -4.5127, -5.4548, -0.4332, -9.9489, 3.6484, -4.7043, 5.1611, -3.2995, -9.9278, -9.9478, -4.5192]]"
tpat_s3_S3_N6_wm1.0_wo1.0_tp20_eps0.0001_r12,Szenario_3_Final,1,abbruchkriterium,7,1256.0901845746166,900.8165563189636,352.0220435933187,3.251584662334143,0.0,"[1, 2, 3, 4, 5, 6, 7, 8]","[321233.0854025459, 2512.225637243164, 1513.7191882845445, 1394.654221192337, 1282.7495999488947, 1257.858742919714, 1256.0901845746166, 1302.9318909246665]","[107.8534, 126.959, 136.6729, 73.0579, 150.9609, 193.0296, 155.8614, 168.9707]",1113.3658,1.0,1.0,1.0,0.15,AAAABB,6,76,"[12, 12, 8, 12, 8, 12, 12]","[[-5.8886, 2.4812, -9.9485, -0.0724, -5.7665, -2.5438, -9.949, -4.8391, -1.3665, -6.9336, -9.6023, -9.9289], [9.9491, 2.3292, 9.9334, 9.2541, 9.9468, 7.327, 1.3831, 9.6941, 5.7449, -1.1889, 2.4677, 6.1784], [-0.7238, 0.6416, 1.7612, 1.7352, -1.9682, 3.3339, 3.1959, 5.0111, -3.0845, 6.6086, 1.6649, 7.6161], [-0.0247, -9.9439, -3.1438, -9.9289, 5.1122, -9.9401, 6.7485, -3.5005, 1.6206, -4.5269, -6.2349, -3.8], [6.8963, 7.1327, 6.4227, 8.955, 0.3293, 9.95, -2.2598, -1.2464, -6.8203, 7.4752, 2.2494, -1.2484], [2.9322, -6.6217, 9.9475, 0.4328, 9.9412, -3.9309, 1.7055, -8.0219, 9.9407, -8.844, 5.6185, 0.3346], [-5.7714, -4.5409, -9.9384, 8.3473, -9.9497, 5.8203, -9.9483, 0.3804, -2.2074, 7.5626, -5.5949, 0.5075]]"
tpat_s3_S3_N6_wm1.0_wo1.0_tp5_eps0.0001_r13,Szenario_3_Final,1,abbruchkriterium,6,1246.4484415442312,936.0894136687737,307.7560812703237,2.602946605133827,0.0,"[1, 2, 3, 4, 5, 6, 7]","[627541.6372083308, 2296.50223612332, 1608.457489366437, 1413.1457953645772, 1256.8745382370168, 1246.4484415442312, 1297.833350533805]","[72.2086, 98.9181, 134.4341, 129.1095, 106.8842, 80.6521, 69.7088]",691.9154,1.0,1.0,1.0,0.15,AAAABB,6,76,"[12, 12, 12, 12, 12, 16]","[[-9.945, -9.9382, -9.9475, -2.3327, -8.1227, -6.7432, -0.0588, -7.8322, -5.7091, 1.2872, -1.3722, -6.886], [2.6724, 9.9414, 5.7257, -0.0567, 8.4869, -0.3847, 9.9399, 9.9392, 9.9482, 5.9391, 2.2662, 6.3796], [-9.9419, -0.9162, -5.6258, 1.7783, -9.9469, 9.9132, -5.6767, -2.1287, -9.9493, 5.6738, -1.783, 8.0648], [9.944, -3.0545, -0.2524, -4.8744, 9.9428, 1.5679, 5.6554, 0.3695, 2.7816, -6.8643, 9.9484, -9.0979], [4.7223, -9.9489, -0.0032, -4.6537, -3.0034, -9.9372, 0.7017, -9.9464, 5.847, -3.8963, -6.2333, -3.8032], [-2.2393, -0.4418, 2.1648, -1.1514, 1.346, 4.1284, -4.6976, 5.5017, -3.3251, 9.9364, 5.8881, 7.9826]]"
tpat_s3_S3_N6_wm1.0_wo1.0_tp20_eps0.0001_r13,Szenario_3_Final,1,abbruchkriterium,6,1240.9220523099323,928.325875225684,309.07358159808075,3.5093609721317978,0.01323451403572666,"[1, 2, 3, 4, 5, 6, 7]","[184294.16201058257, 2351.4027914859234, 1533.146519656285, 1453.1268802522131, 1246.1706629090695, 1240.9220523099323, 1257.4089852621078]","[244.2696, 98.3585, 108.2778, 107.3841, 102.7517, 133.5127, 91.2362]",885.7906,1.0,1.0,1.0,0.15,AAAABB,6,76,"[12, 12, 12, 12, 12, 16]","[[-5.6267, -9.9347, -4.8004, -4.6925, -9.4928, -1.2777, -5.7617, 1.4907, -9.9479, -8.3604, -0.4637, -7.5794], [0.605, 7.6234, 8.4416, 9.941, 3.978, 5.5538, -0.3908, 8.4264, 5.7922, -1.5256, 9.9486, 4.4814], [-9.8651, -1.331, -3.9371, 5.3088, -5.6315, -0.8888, -9.9286, 3.3797, -1.3897, 8.5747, -9.9422, 9.5462], [9.9453, -8.1831, 9.9491, -0.7757, 9.9415, -6.3311, 5.8171, 3.6366, 5.6437, -1.1566, 1.9874, -7.8732], [3.1876, -4.579, 6.139, -3.7008, -5.8592, -3.8413, -1.671, -4.5987, 4.7504, -9.9488, -2.8706, -9.9486], [5.0938, 5.6008, 3.1165, 9.9445, -1.0014, 6.3528, 2.2172, 0.793, -6.6604, 7.5158, -2.2472, -1.2312]]"
tpat_s3_S3_N6_wm1.0_wo1.0_tp5_eps0.0001_r14,Szenario_3_Final,1,abbruchkriterium,6,1238.0504954940466,933.3206896605428,301.57429443088455,3.155511402619008,0.0,"[1, 2, 3, 4, 5, 6, 7]","[258685.944499918, 2568.0330253126467, 1709.0288405746116, 1396.8235741374874, 1277.279522331066, 1238.0504954940466, 1280.4547667304628]","[105.2478, 115.0591, 85.5574, 80.7765, 96.9451, 73.3178, 95.776]",652.6797,1.0,1.0,1.0,0.15,AAAABB,6,76,"[12, 12, 12, 12, 12, 16]","[[-9.9454, -8.3337, -9.8984, -9.8445, -5.1903, -5.9047, -9.9393, -2.0856, -5.8055, 1.1969, -0.5652, -7.5205], [9.9366, -1.4937, 9.928, 3.4736, -0.4522, 3.2257, 5.7446, 0.3348, 9.941, 9.6876, 2.256, 7.0014], [0.8991, 4.6081, -0.976, 9.0071, -9.9491, 0.395, -3.7979, 5.9098, -5.6369, -1.2499, -9.9499, 7.3465], [5.0295, 4.8147, 9.9363, -0.9516, 5.8065, 1.1434, 5.5577, -4.5393, 1.7791, -8.0694, 9.9474, -7.7397], [-1.8651, -9.9496, -1.4652, -4.6437, -4.1167, -9.9491, -5.7694, -3.9013, 4.4534, -9.9498, 4.4314, -4.532], [-2.2552, 0.6265, -4.6958, 5.511, 1.0823, 6.4199, -3.269, 9.9407, 6.821, 7.4149, 2.172, -1.1601]]"
tpat_s3_S3_N6_wm1.0_wo1.0_tp20_eps0.0001_r14,Szenario_3_Final,1,abbruchkriterium,6,1250.484831258515,932.6524967853779,314.04855154939474,3.7754025807610248,0.008380342981208006,"[1, 2, 3, 4, 5, 6, 7]","[293414.6280809555, 2380.2401856130155, 1541.759964737635, 1432.136410596005, 1304.196595125044, 1250.484831258515, 1274.8906077722838]","[106.7902, 79.0686, 150.554, 118.2853, 98.5346, 114.5576, 101.5614]",769.3517,1.0,1.0,1.0,0.15,AAAABB,6,76,"[12, 12, 12, 12, 12, 16]","[[-9.935, -9.873, -9.9389, -8.5541, -4.9458, -5.8899, -9.95, -2.328, 0.1311, -7.9901, -5.819, 1.1769], [9.9491, 3.4752, 4.5309, 5.5941, 8.9664, -1.3677, 5.6991, -0.3853, 0.5643, 7.777, 9.9474, 9.9366], [-5.7731, -0.318, -1.6371, 8.2334, -9.9495, 2.7334, -9.9491, 7.2938, -5.5902, -4.2609, -3.0806, 6.482], [9.9461, -1.0909, 9.9416, -5.1982, 9.9442, -9.0643, 3.8071, -5.5056, 2.1952, -7.5742, 5.6968, 1.8968], [-5.2674, -9.9461, 6.2483, -9.9469, -1.6786, -4.5887, -5.8741, -3.8002, 4.4781, -4.4914, 0.571, -9.9493], [2.9996, 9.9455, -1.0713, 6.406, 5.0995, 5.6047, 2.2315, 0.8502, -2.2502, -1.2388, -6.6968, 7.4895]]"
tpat_s3_S3_N6_wm1.0_wo1.0_tp5_eps0.0001_r15,Szenario_3_Final,1,abbruchkriterium,7,1240.8526058613975,905.2547151236038,332.1773286615646,2.8793408776883602,0.5412211985410303,"[1, 2, 3, 4, 5, 6, 7, 8]","[2764372.8710653735, 2292.7513715968694, 1596.4949815231957, 1548.6432095348946, 1291.7821429308326, 1249.3169884699792, 1240.8526058613975, 1276.335409276535]","[14.8979, 98.0892, 112.7227, 82.5736, 85.8318, 122.2293, 75.3268, 65.9174]",657.5887,1.0,1.0,1.0,0.15,AAAABB,6,76,"[12, 12, 8, 12, 8, 12, 12]","[[-9.1561, -6.9331, -9.899, -9.5842, -1.7404, -6.5594, -9.8792, -1.7262, -2.4496, -6.4853, -5.6474, 0.8728], [4.3108, 5.6573, 5.8591, -2.4343, 9.9411, 2.7816, 6.1287, 0.045, 0.2735, 7.9824, 9.946, 9.6608], [1.1332, 0.641, 1.8043, 3.9102, 3.0142, 6.4167, 0.3381, 7.7459, -3.1194, 6.5216, -2.0349, 1.7063], [1.4131, -4.5849, 5.8274, -3.8005, -3.1451, -4.5877, -5.8747, -9.7055, 6.4174, -9.9495, -0.6863, -9.9499], [-4.2917, 5.1107, 2.1576, -1.1808, -2.0472, -1.1851, 2.8431, 9.9376, -5.9258, 9.9225, 6.7911, 7.1929], [9.9483, -9.3715, 5.8093, 2.9808, 5.7907, 1.1569, 3.5053, -5.9029, 9.9499, -3.334, 2.3802, -7.3647], [-5.7632, -3.1166, -3.7079, 5.5031, -9.9458, 1.1357, -5.7364, -0.1521, -9.9462, 7.7212, -0.9863, 9.0628]]"
tpat_s3_S3_N6_wm1.0_wo1.0_tp20_eps0.0001_r15,Szenario_3_Final,1,abbruchkriterium,6,1244.8725082769533,936.3098531803587,304.9141176332092,3.648537463385721,0.0,"[1, 2, 3, 4, 5, 6, 7]","[8412.380337283174, 2465.0230972972868, 1463.784100129721, 1401.4262164448116, 1258.1809318474172, 1244.8725082769533, 1271.4023423575275]","[96.2386, 90.1982, 98.9769, 121.0217, 181.4309, 155.2264, 141.4089]",884.5016,1.0,1.0,1.0,0.15,AAAABB,6,76,"[12, 12, 12, 12, 12, 16]","[[-9.6768, -2.1576, 0.9963, -8.5011, -4.5048, -9.9468, -6.5476, 1.131, -9.9454, -9.0253, -3.4647, -5.2803], [5.8438, -0.0324, 4.6736, 5.9677, 5.8695, -2.3056, 9.95, 2.1763, 0.1673, 8.0805, 9.9496, 9.099], [-9.9125, 0.2646, -5.2723, -4.9792, -1.3584, 8.5394, -2.3569, 7.3656, -9.9336, 7.1918, -5.5653, 0.9121], [9.9495, -0.9947, 9.9484, -5.6826, 9.9309, -9.027, 1.2256, -8.602, 2.7795, -6.8647, 5.6518, 1.2419], [-3.6331, -9.9232, -7.2661, -3.4291, 4.4013, -9.8759, -0.822, -9.9401, 6.1469, -3.8808, -1.4331, -4.4603], [1.5526, 3.3755, 6.2918, 6.6059, -2.1549, -0.3093, 2.1677, -1.1354, -5.5244, 6.3753, 1.3253, 9.9437]]"
tpat_s3_S3_N6_wm1.0_wo1.0_tp5_eps0.0001_r16,Szenario_3_Final,1,abbruchkriterium,6,1251.1040724055863,949.6174170140853,298.97566215538006,2.47515017277364,0.03584306334716461,"[1, 2, 3, 4, 5, 6, 7]","[249853.25939177733, 2462.4044771142953, 1533.897530183049, 1358.7312103589072, 1254.635307631036, 1251.1040724055863, 1273.7675123393826]","[71.8218, 73.7116, 77.9586, 93.05, 73.3561, 120.167, 132.272]",642.3371,1.0,1.0,1.0,0.15,AAAABB,6,76,"[12, 12, 12, 12, 12, 16]","[[-0.4019, -7.5012, 0.5968, -8.2001, -4.9064, -6.0152, -9.9494, -2.3703, -5.8379, 1.1153, -9.95, -9.3376], [9.9293, 9.9069, 0.8797, 3.512, 5.6898, -0.2279, 9.8265, 8.5533, 9.9497, 1.4829, 2.6068, 7.0792], [-9.9475, -0.2228, -0.9591, 4.4186, -5.6065, -1.4294, -7.5994, 3.5321, -9.9489, 8.7596, -1.4821, 8.4636], [9.9414, -8.2337, 5.6583, 0.9873, 9.9292, -9.563, -0.945, -4.9468, 9.9465, -0.9478, 3.1135, -6.5645], [0.8486, -4.6257, -5.9263, -3.8091, -3.1035, -9.9495, -3.1886, -4.7346, 3.2664, -9.9492, 6.4411, -3.6956], [-2.2509, 1.5912, -6.7733, 7.302, -3.0112, 6.7589, 4.3977, 5.1007, 3.7156, 9.7323, 2.1514, -1.148]]"
tpat_s3_S3_N6_wm1.0_wo1.0_tp20_eps0.0001_r16,Szenario_3_Final,1,abbruchkriterium,6,1233.740925031033,923.5713102544307,307.09739631359116,3.072218463011218,0.0,"[1, 2, 3, 4, 5, 6, 7]","[8843.501635358745, 2520.0350729699676, 1515.8385836582077, 1420.1195679307896, 1254.0994699565827, 1233.740925031033, 1269.3279635491172]","[64.9005, 93.8266, 74.9807, 101.93, 68.3836, 71.7962, 147.8556]",623.6732,1.0,1.0,1.0,0.15,AAAABB,6,76,"[12, 12, 12, 12, 12, 16]","[[-4.3718, -5.655, -9.9336, -3.5808, -5.7693, 0.3413, -8.9026, 1.5232, 0.1337, -7.9813, -9.9409, -9.9204], [9.9484, 0.7504, 6.8943, 4.6924, -0.0071, 3.3039, 5.7506, -1.0512, 9.9489, 9.8748, 0.6748, 7.7794], [-5.6424, 2.1515, -9.945, -2.6748, -9.9457, 2.8776, -5.6359, -2.0558, -2.0845, 7.7673, -9.9497, 8.3789], [9.9453, -3.3631, 1.2444, -8.6018, 3.3359, -6.1328, 9.9474, 0.9148, 9.9457, -8.4353, 5.6244, 0.3935], [0.8869, -9.9499, 4.6367, -9.9357, -3.093, -9.9444, 0.1405, -4.6416, -5.627, -3.9969, 5.8423, -3.895], [-4.7989, 5.6058, 1.1277, 6.3946, -2.2508, 0.5036, -3.4222, 9.9283, 2.2196, -1.1552, 6.6562, 7.5788]]"
tpat_s3_S3_N6_wm1.0_wo1.0_tp10_eps0.0001_r17,Szenario_3_Final,1,abbruchkriterium,7,1241.2030659186923,893.6043979906558,344.3084125871191,3.27722548712679,0.013029853790496308,"[1, 2, 3, 4, 5, 6, 7, 8]","[229300.97634099296, 2448.2511956770995, 1509.0676417590275, 1375.4540128941205, 1269.5172239021904, 1245.984247549025, 1241.2030659186923, 1283.8271999809053]","[100.9519, 93.6544, 132.869, 120.8649, 145.5697, 77.5068, 184.4966, 170.1008]",1026.0141,1.0,1.0,1.0,0.15,AAAABB,6,76,"[12, 12, 8, 12, 8, 12, 12]","[[-5.9714, 2.3524, -5.7939, 0.0339, -9.9487, -2.3201, -4.9123, -6.0672, -9.9499, -9.1687, -0.1637, -7.7846], [5.7587, -1.7688, 5.7888, 3.5528, 9.9472, -0.8028, 9.9491, 3.8047, 1.264, 7.1829, 9.9188, 9.942], [1.1139, 0.8481, -3.2449, 6.6251, -1.4547, 1.1925, -1.7466, 4.0396, 3.4075, 4.944, 0.8896, 8.0915], [-6.2474, -3.706, -3.0995, -9.9412, -2.9416, -4.7701, 0.7694, -4.6807, 6.1626, -3.8071, 3.3517, -9.9484], [6.7915, 7.066, 4.055, 9.4865, -4.7502, 9.2275, -6.7854, 7.3074, -2.3674, -1.3505, 2.3777, -1.3424], [5.6581, 1.0684, 4.5114, -4.7455, 9.9294, 0.9762, 9.9427, -3.4295, 1.2791, -8.6643, 9.9454, -9.2062], [-2.1133, 7.5078, -9.9282, 8.9986, -3.5153, 5.804, -9.9213, 7.7179, -5.6001, -1.2611, -9.9496, 0.9584]]"
tpat_s3_S3_N6_wm1.0_wo1.0_tp10_eps0.0001_r18,Szenario_3_Final,1,abbruchkriterium,6,1249.2524503125312,933.2004241727774,313.6291708140983,2.315843119984339,0.10701220567123072,"[1, 2, 3, 4, 5, 6, 7]","[129226.41818511517, 2363.8088294252643, 1492.012549063359, 1404.2520970644632, 1262.8403422909576, 1249.2524503125312, 1257.0278371190002]","[73.305, 133.4833, 148.1233, 107.9316, 105.7965, 106.4002, 128.5871]",803.627,1.0,1.0,1.0,0.15,AAAABB,6,76,"[12, 12, 12, 12, 12, 16]","[[-5.7317, 1.2049, -9.6612, -9.9416, -9.9268, -8.9711, -0.4369, -9.3061, -3.0661, -5.5836, -9.9314, -1.7424], [9.2484, 3.9078, 5.7518, -0.5712, 9.6884, -0.8477, -0.4582, 8.5008, 9.9477, 9.9361, 2.4664, 6.1792], [-5.7093, 1.4099, -9.942, -0.5501, -9.9492, 9.755, -5.6363, -2.6107, -2.0916, 7.7657, -9.9465, 5.9308], [6.5099, -3.5895, 9.8869, -1.3164, 2.6067, -6.923, 5.7672, 1.4944, 9.9491, -8.9212, 0.9341, -9.1826], [-5.8669, -3.8029, 5.012, -9.9406, -3.5947, -4.6908, 1.1742, -4.6637, 6.4401, -3.6953, -1.027, -9.9479], [5.0941, 5.6009, 3.1143, 9.9411, 2.2295, 0.8115, -0.9689, 6.4432, -2.1786, -1.1479, -6.5552, 7.4195]]"
tpat_s3_S3_N6_wm1.0_wo1.0_tp20_eps0.0001_r18,Szenario_3_Final,1,abbruchkriterium,6,1242.845005092864,930.0517101861204,309.79571401448504,2.997568033578835,1.2858679732872717e-05,"[1, 2, 3, 4, 5, 6, 7]","[86813.49178707419, 2473.7077962214635, 1453.5231976027437, 1413.8750494327383, 1259.4958205169785, 1242.845005092864, 1279.1991868760524]","[167.3878, 90.0162, 97.525, 98.0091, 87.222, 105.463, 105.8344]",751.4575,1.0,1.0,1.0,0.15,AAAABB,6,76,"[12, 12, 12, 12, 12, 16]","[[-5.8247, 0.4578, -9.9437, -2.5703, -6.0585, 1.9313, -4.9424, -5.6991, -0.1709, -7.8108, -9.9476, -9.4654], [9.9487, 9.8967, 5.9287, -1.9451, 5.8339, 3.0289, 9.9485, 0.5627, 1.0895, 7.4643, 9.9488, 8.2313], [-3.1118, 6.3163, -1.3219, 8.5039, -9.9383, 9.9312, -9.9497, -1.1941, -9.949, 5.4943, -5.5914, -0.3813], [9.0678, -9.1018, -1.2106, -4.8887, 4.0945, -5.5838, 1.8057, -7.9033, 9.9496, -2.642, 5.6573, 2.1828], [-1.6233, -9.9476, -4.4514, -9.9492, 2.8654, -4.6598, 6.4005, -3.6019, 4.7143, -9.95, -3.0521, -4.5593], [-0.3798, 9.9499, -6.5975, 7.2019, -2.4512, 5.6333, -2.275, -0.1261, 2.1654, -0.4015, 5.3598, 7.0967]]"
tpat_s3_S3_N6_wm1.0_wo1.0_tp5_eps0.0001_r19,Szenario_3_Final,1,abbruchkriterium,6,1238.8058550738358,922.8496098866204,312.77721838393603,3.1790268032792546,0.0,"[1, 2, 3, 4, 5, 6, 7]","[241167.96370492177, 2628.6418047099555, 1921.7622096040222, 1376.2033994626695, 1303.6971819325772, 1238.8058550738358, 1303.0675517226275]","[93.8288, 126.4627, 122.0919, 115.1302, 127.1877, 74.4662, 81.159]",740.3265,1.0,1.0,1.0,0.15,AAAABB,6,76,"[12, 12, 12, 12, 12, 16]","[[-9.4168, -1.8826, -9.9443, -6.7065, -4.6754, -6.5427, -9.8833, -9.8266, -0.1894, -7.7942, -5.6927, 1.0172], [5.0359, 6.0575, 5.9416, -2.4492, 5.8351, 0.0678, 9.9479, 1.8319, 9.9411, 8.7932, 0.7515, 7.6796], [-5.0765, -4.8349, -9.9169, 9.9233, -9.948, -0.986, -5.6861, 0.5261, -2.8785, 6.6687, -9.9455, 5.1631], [9.9428, 0.5044, 2.8567, -6.7066, 9.9079, -8.8512, 1.0826, -8.8455, 9.9361, -6.3446, 5.5928, -0.1683], [-6.5007, -3.6062, -1.9532, -4.6248, -5.0139, -9.9326, 5.8938, -9.946, 0.4531, -9.9493, 4.2516, -4.5755], [-0.8896, 9.9475, -2.2606, -1.231, 0.1126, 3.1042, 2.1652, -1.1927, -5.9373, 6.7921, 5.324, 7.359]]"
tpat_s3_S3_N6_wm1.0_wo1.0_tp15_eps0.0001_r19,Szenario_3_Final,1,abbruchkriterium,5,1257.6830210307205,1013.1104217642179,240.9489094402241,3.6236898262785915,0.0,"[1, 2, 3, 4, 5, 6]","[310628.4937891609, 2241.196682642269, 1672.4304156209057, 1415.1228753773598, 1257.6830210307205, 1292.804546660394]","[71.2081, 63.6129, 182.5519, 179.5687, 157.6264, 104.03]",758.598,1.0,1.0,1.0,0.15,AAAABB,6,76,"[14, 16, 16, 18, 12]","[[5.6178, -3.7309, 5.5602, 0.5009, 9.9467, -0.3985, 0.2244, 7.9037, 3.5028, 7.4444, 9.9477, 7.1491], [-2.3428, 8.1994, 6.3728, 7.362, 2.5101, 6.9668, -6.1989, 6.8056, 2.3724, -0.5112, -2.3868, 0.3901], [-0.4027, -7.5001, -1.8376, -9.9309, -3.8041, -4.9215, -9.4916, -2.3293, -9.9479, -9.7559, -6.0206, 1.3426], [0.7584, -9.9498, 2.2914, -4.7863, 6.8005, -1.0008, -2.0077, -4.7524, 8.2583, -9.9427, 9.8512, -1.4798], [-5.0049, -4.7716, 0.1485, 6.1789, -5.6329, 1.5852, -3.0019, 6.4877, -9.9492, -0.2349, -9.9339, 7.9271]]"
tpat_s3_S3_N6_wm1.0_wo1.0_tp40_eps0.0001_r19,Szenario_3_Final,1,abbruchkriterium,6,1275.3968722864395,951.5909513562547,319.5678568091054,4.2380641210794305,0.0,"[1, 2, 3, 4, 5, 6, 7]","[176998.20457440935, 2496.787701531926, 1529.6911237945528, 1393.7522589855062, 1291.7937038630012, 1275.3968722864395, 1297.3455059930864]","[165.735, 159.3244, 136.5874, 144.573, 99.9038, 105.4791, 94.6758]",906.2785,1.0,1.0,1.0,0.15,AAAABB,6,76,"[12, 12, 12, 12, 12, 16]","[[0.6118, -8.3154, -9.6785, 1.1476, -5.8097, 0.4447, -9.364, -3.9228, -2.5905, -5.995, -9.9474, -9.9104], [9.9493, 7.5879, 9.8463, 9.8569, -0.4811, 8.8003, 9.9494, 2.3791, 5.8362, -1.2257, 2.6314, 6.1895], [-5.6566, 2.758, -9.9455, 8.4279, -9.9331, 6.1424, -9.9465, 0.6657, -2.0947, 7.7973, -5.6448, -2.9146], [5.7104, -1.7651, 9.949, 0.7227, 5.0055, 4.6747, 9.9489, -3.338, 9.9439, -8.6913, 2.1792, -7.5677], [0.2081, 5.4202, 4.2921, -9.9488, 6.9737, -9.9474, -3.2993, -4.5945, 3.2657, -4.4739, -2.8101, -9.949], [-2.5731, 6.099, -6.7742, 7.3107, 2.1675, 0.718, -0.7428, 9.95, 5.3363, 6.2422, -2.1501, -1.1467]]"
tpat_s3_S3_N6_wm1.0_wo1.0_tp30_eps0.0001_r20,Szenario_3_Final,1,abbruchkriterium,6,1229.8266616333242,925.4157784917113,301.4960036323438,2.914879509269028,0.0,"[1, 2, 3, 4, 5, 6, 7]","[142171.32206015015, 2367.337212984682, 1488.174244692323, 1399.4094671641637, 1285.008494531377, 1229.8266616333242, 1255.937091022429]","[101.8266, 92.1799, 133.7655, 163.582, 73.8538, 75.573, 106.0605]",746.8413,1.0,1.0,1.0,0.15,AAAABB,6,76,"[12, 12, 12, 12, 12, 16]","[[-9.9488, -8.1365, -4.8777, -5.9597, -9.9469, -2.2635, -9.9494, -9.7513, 0.3319, -8.1803, -5.7684, 1.1677], [9.9461, 1.6555, 1.6684, 6.8164, -0.0454, 8.2371, 6.1131, 5.479, 9.9495, 9.3822, 5.7772, -1.0814], [-5.6137, 0.4966, -9.9499, 3.0266, -5.7016, -2.7916, -9.936, -1.1447, -9.9253, 8.3666, -2.8793, 6.7237], [-0.4071, -4.7955, 5.7313, 1.867, 5.8203, -2.8208, 9.9311, -0.5357, 1.2949, -8.6724, 9.9493, -8.1796], [-2.7238, -9.9312, 6.1, -3.7008, 8.4018, -2.9109, 1.1922, -4.6539, 3.5505, -9.9496, -3.9465, -4.5871], [2.0847, -1.04, -5.0925, 5.8056, -2.2027, -0.4766, 0.9383, 3.9707, -2.8367, 9.8889, 6.0535, 7.6243]]"
tpat_s3_S3_N6_wm1.0_wo1.0_tp5_eps0.0001_r21,Szenario_3_Final,1,abbruchkriterium,6,1242.9298400668777,937.2660072983617,302.301892926682,3.246020657236437,0.11591918459735619,"[1, 2, 3, 4, 5, 6, 7]","[1565542.5018577876, 3408.711869275038, 1526.0112526918535, 1420.2095976137646, 1300.6577080413113, 1242.9298400668777, 1260.7923094358096]","[14.4055, 65.2023, 91.1613, 106.6806, 93.2677, 104.7919, 100.5848]",576.0941,1.0,1.0,1.0,0.15,AAAABB,6,76,"[12, 12, 12, 12, 12, 16]","[[-9.9387, -8.9528, -9.8476, -9.9416, -5.7245, 1.4306, -4.8419, -4.9727, -9.9423, -1.3036, -0.5618, -7.4796], [0.2216, 8.0315, 4.1958, 6.467, -1.1323, 5.0779, 9.9483, 1.4219, 5.7324, -0.8628, 9.9332, 8.4032], [-3.6232, 5.6316, -5.1015, -4.793, -5.6919, 0.1019, -2.1057, 7.5082, -9.9431, 8.4788, -9.9432, 0.9284], [9.949, -0.4652, 5.7952, -1.2217, 0.6263, -4.8804, 5.8107, 3.1609, 9.9494, -7.4134, 2.0793, -7.7669], [1.173, -4.5692, 5.8202, -3.8025, 1.0784, -9.9494, -3.1036, -4.5519, -4.5077, -9.9465, 5.6343, -9.9496], [-2.2129, 0.6441, 0.3835, 9.9476, 2.44, 6.025, 6.687, 7.4166, 2.148, -1.1164, -5.4334, 6.276]]"
tpat_s3_S3_N6_wm1.0_wo1.0_tp15_eps0.0001_r21,Szenario_3_Final,1,abbruchkriterium,6,1254.908782339209,949.9654055478096,301.81282730652975,3.0823114497757143,0.048238035093977394,"[1, 2, 3, 4, 5, 6, 7]","[135247.96344960757, 2572.40328841849, 1450.6670458771468, 1381.2503141284815, 1276.1797944103907, 1254.908782339209, 1295.319338981319]","[75.4794, 68.6453, 69.0618, 144.2771, 106.2002, 82.6973, 77.092]",623.4531,1.0,1.0,1.0,0.15,AAAABB,6,76,"[12, 12, 12, 12, 12, 16]","[[-5.7414, 1.9166, 0.7605, -4.8806, -6.3594, -4.2979, -9.9141, -0.9712, -0.5429, -7.8553, -9.933, -9.5072], [9.8703, 8.7993, 9.9436, -0.6179, 9.9026, 9.9271, 9.9375, 4.0677, 1.9678, 6.8874, 5.6446, -0.1301], [0.8794, 7.0161, -5.0031, -4.7691, -5.6183, 1.4421, -3.2179, 6.1816, -9.9447, 8.0505, -9.9494, -0.2577], [9.9495, -0.5262, 9.9498, -9.1092, -0.2984, -4.9189, 9.9181, -5.5011, 2.4788, -7.2654, 5.6438, 1.151], [0.0282, -4.6058, 6.432, -9.9474, -4.118, -9.9394, -3.7328, -4.653, 2.1974, -9.95, 7.0319, -3.5143], [-2.0267, -0.8199, -6.8862, 7.4279, 1.7204, 0.3804, -2.8508, 4.7208, -0.4562, 9.9495, 5.6242, 6.1784]]"
tpat_s3_S3_N6_wm1.0_wo1.0_tp40_eps0.0001_r21,Szenario_3_Final,1,abbruchkriterium,7,1237.8069082964748,891.6671436309664,344.1053208631875,2.0344438023207054,0.0,"[1, 2, 3, 4, 5, 6, 7, 8]","[212806.65883021383, 2736.864452170361, 1483.105672373681, 1439.4227312361065, 1303.9454458347448, 1255.8324717227715, 1237.8069082964748, 1277.5608481232807]","[144.8596, 135.9164, 85.383, 72.6406, 252.183, 185.1207, 170.0555, 172.3766]",1218.5354,1.0,1.0,1.0,0.15,AAAABB,6,76,"[12, 12, 8, 12, 8, 12, 12]","[[-9.945, -2.5976, -4.8657, -6.0982, -5.8179, -0.2329, -6.2026, 2.7028, -0.1663, -7.7867, -9.9456, -9.4935], [4.7278, 5.8823, 9.9485, 8.2452, 9.9447, 2.0488, 9.944, 9.7873, 5.7274, -1.172, 0.0696, 8.1784], [0.0691, 0.1828, 2.7973, 6.8144, -0.274, 7.5152, -3.1835, 6.7355, -2.1619, 3.0277, 2.1554, 3.2473], [-3.2848, -4.7084, 1.1269, -4.6135, -5.5825, -4.5908, -2.6709, -9.939, 6.7385, -3.6017, 3.5804, -9.9495], [5.6888, 6.1237, -6.1947, 6.8047, -4.0468, 9.9464, -6.5998, 9.2013, -0.081, -1.2595, 6.2345, 9.6307], [9.9493, -2.0185, 6.9309, 2.7714, 5.7088, 0.1845, 1.6081, -8.1088, 9.949, -7.9558, 2.881, -6.7667], [-9.9493, 1.1208, -5.0405, -4.8488, -4.1054, 5.0216, -5.7785, -0.4985, -1.4799, 8.4669, -9.9479, 7.8523]]"
tpat_s3_S3_N6_wm1.0_wo1.0_tp15_eps0.0001_r22,Szenario_3_Final,1,abbruchkriterium,6,1244.024054620168,929.008394922434,312.3942544639637,2.6187378433110173,0.002667390459328069,"[1, 2, 3, 4, 5, 6, 7]","[114286.08197768516, 2561.0018632597485, 1511.535948986094, 1370.6644938945517, 1278.451369960483, 1244.024054620168, 1258.4860633250662]","[115.4123, 75.8733, 111.2758, 177.9837, 171.0609, 82.2285, 75.2077]",809.0422,1.0,1.0,1.0,0.15,AAAABB,6,76,"[12, 12, 12, 12, 12, 16]","[[-5.8819, -0.0498, -4.9006, -6.0822, -5.824, 2.2912, -9.9454, -2.3161, 0.1238, -7.9812, -9.9467, -9.1983], [9.9441, 9.7536, 9.9498, 2.3335, 9.9457, 8.3615, 4.7245, 5.8282, 5.7678, -1.2766, -0.2182, 8.3843], [-1.3041, 8.5189, -9.9492, 3.1945, -9.9488, -1.0089, -3.325, 6.0617, -9.9498, 8.5724, -5.5649, -0.7598], [5.6787, 0.9668, -0.9908, -6.9067, 9.2053, -9.9307, 9.9451, 1.7551, 3.7775, -5.6665, 9.9498, -4.8718], [-5.8719, -3.922, -3.3625, -9.9497, -4.2913, -4.6463, -0.2066, -4.6638, 3.2115, -9.9461, 5.8602, -3.9434], [-2.534, 6.1119, 2.1836, 0.7064, -6.7912, 7.3153, -0.6886, 9.9497, 5.3614, 6.2547, -2.1524, -1.1403]]"
tpat_s3_S3_N6_wm1.0_wo1.0_tp5_eps0.0001_r23,Szenario_3_Final,1,abbruchkriterium,5,1276.069699551389,1025.2626092453047,248.09987099346188,2.7072193126224944,0.0,"[1, 2, 3, 4, 5, 6]","[142174.98988796506, 2268.322888029471, 1553.757546126751, 1381.4954892566018, 1276.069699551389, 1279.9607236405766]","[73.5466, 70.2448, 125.8828, 150.2218, 106.7781, 58.0302]",584.7043,1.0,1.0,1.0,0.15,AAAABB,6,76,"[14, 16, 16, 18, 12]","[[-1.8199, 3.7962, 9.9493, 1.1716, 5.8778, -6.0248, 9.949, 6.4933, 5.4981, 0.0379, 3.1922, 8.0451], [2.2128, 0.9481, 2.9617, 9.9474, 5.0995, 5.6057, -1.1427, 6.3846, -6.7464, 7.493, -2.2502, -1.2446], [1.2504, -8.8173, -2.2935, -9.9439, -5.8192, 1.1559, -9.4868, -2.188, -3.4665, -5.2884, -9.9143, -9.9228], [0.6218, -9.9006, 7.9131, 0.8955, 9.9416, -2.0425, -1.1203, -4.7724, 5.6732, -3.788, 9.0504, -9.9208], [-5.7538, -0.2294, -5.8108, -3.1215, -9.9418, 1.2474, -1.3239, 8.525, -3.1859, 6.3645, -9.9455, 7.6799]]"
tpat_s3_S3_N6_wm1.0_wo1.0_tp10_eps0.0001_r01,Szenario_3_Final,1,abbruchkriterium,7,1242.95519403288,908.2035534079691,330.45427129110305,4.240086518698565,0.05728281510925349,"[1, 2, 3, 4, 5, 6, 7, 8]","[500006.85157162586, 2480.6813823501507, 1574.2173580337571, 1415.343990963749, 1283.3428954697588, 1253.0140525978134, 1242.95519403288, 1270.1312640253661]","[143.6384, 148.5196, 152.9794, 106.0699, 88.0329, 173.3838, 180.3495, 223.98]",1216.9535,1.0,1.0,1.0,0.15,AAAABB,6,76,"[12, 12, 8, 12, 8, 12, 12]","[[-9.9473, -2.4265, -5.7944, -0.3605, -4.7679, -6.1309, -5.9682, 2.3642, 0.523, -8.284, -9.9489, -9.3592], [-0.4216, 3.2011, 5.792, -0.0716, 7.9782, 9.9158, 5.9458, -3.1341, 9.9498, 3.9057, 2.1805, 7.0908], [1.1563, 0.9762, -1.4993, 0.9885, 3.0881, 6.3728, 1.2383, 3.9123, -0.9676, 8.1428, -3.8162, 5.1552], [-1.9593, -4.618, -3.549, -9.9438, -1.7583, -9.9366, -6.2011, -3.748, 3.4698, -4.453, 5.2406, -9.9453], [-7.0884, 7.6345, -6.2626, 6.9021, -2.2633, -1.2474, 0.1906, 9.9485, 6.8951, 8.0014, 2.2494, -1.2439], [9.9454, -1.6267, 5.8396, 0.412, 6.0715, 2.5901, 4.0275, -5.3168, 9.9492, -7.779, 1.6791, -8.1711], [-2.4231, 4.4218, -9.9398, -0.9847, -9.889, 3.7749, -5.6189, -0.7788, -9.9374, 9.2845, -1.6316, 8.3622]]"
tpat_s3_S3_N6_wm1.0_wo1.0_tp30_eps0.0001_r01,Szenario_3_Final,1,abbruchkriterium,6,1268.6139837991361,934.8827264528211,330.333096273459,3.3692243224325695,0.0289367504235463,"[1, 2, 3, 4, 5, 6, 7]","[91016.74593095112, 2361.3772133515763, 1467.732261157757, 1448.902362678617, 1291.948923026685, 1268.6139837991361, 1284.3538091291434]","[87.4268, 135.8698, 114.8077, 111.2498, 224.9879, 181.377, 184.2527]",1039.9717,1.0,1.0,1.0,0.15,AAAABB,6,76,"[12, 12, 12, 12, 12, 16]","[[-4.8973, -5.8981, -9.9496, -8.5477, -9.9467, -9.8169, -9.9478, -2.3601, 0.228, -8.0883, -5.7892, 1.1908], [9.9372, 9.3647, 7.9188, 9.762, 9.9472, 0.4514, 9.9409, 4.5081, 5.6435, -0.0456, 1.6652, 6.8778], [-5.6055, -0.0071, -9.9388, 8.4302, -9.934, 4.8224, -9.8371, 9.7027, -2.886, 6.7132, -9.9428, -0.9899], [5.8054, 1.2636, 0.8781, -9.1653, 9.9032, -9.92, 9.9185, 0.7039, 4.3784, -4.9851, 9.9466, -5.7915], [1.5259, -9.9484, -5.5682, -9.9106, 5.8002, -3.8274, -4.1224, -9.9149, 5.577, -9.9306, -1.1082, -4.4794], [2.1522, -1.1525, -2.1708, -1.1531, 0.0251, 3.1947, -0.1132, 9.9483, -5.6353, 6.9575, 5.6392, 7.0398]]"
tpat_s3_S3_N6_wm1.0_wo1.0_tp10_eps0.0001_r02,Szenario_3_Final,1,abbruchkriterium,7,1241.5632953612624,912.8387333366823,324.5528602669406,3.862479357686042,0.30922239995348844,"[1, 2, 3, 4, 5, 6, 7, 8]","[393833.98702946724, 2501.480848234352, 1521.2877843149504, 1353.997994838894, 1265.9465369583238, 1260.0972523520418, 1241.5632953612624, 1287.6985794644077]","[142.9591, 146.7954, 165.4455, 111.397, 117.9748, 155.8026, 92.4933, 98.31]",1031.1777,1.0,1.0,1.0,0.15,AAAABB,6,76,"[12, 12, 8, 12, 8, 12, 12]","[[0.6833, -8.309, -9.9288, -2.39, -4.9186, -6.0274, -0.1544, -7.7025, -5.7962, 0.9909, -9.9431, -9.2584], [5.0449, 4.9767, 0.0132, 8.1108, 1.0081, 7.3012, 5.7313, -1.4378, 9.9447, 1.5551, 9.9344, 9.9415], [1.8141, 0.9316, -1.2736, 8.209, 0.4689, 3.5425, -1.25, 0.7504, 2.8581, 6.4933, -3.4692, 5.6137], [-5.567, -4.7439, 5.812, -3.8113, -3.1155, -9.9418, 6.7583, -3.5067, -1.0828, -4.5348, 3.3879, -9.946], [-4.3808, 9.4532, 2.3036, -0.2229, -6.589, 7.2544, 2.282, -1.255, 5.7779, 8.4379, -2.3805, -1.3498], [5.6912, 2.4579, 2.3088, -7.3011, 0.4893, -5.4053, 5.6224, -2.95, 9.9496, -0.1262, 9.9479, -8.3453], [-9.9497, 0.2782, 0.2966, 4.5174, -5.7916, -3.192, -5.7541, 0.9239, -9.9488, 7.3641, -2.3796, 7.3738]]"
tpat_s3_S3_N6_wm1.0_wo1.0_tp30_eps0.0001_r02,Szenario_3_Final,1,abbruchkriterium,5,1289.2841126452217,1038.2465934793447,246.94424937089804,4.093269794978899,0.0,"[1, 2, 3, 4, 5, 6]","[8478.676608145366, 2302.6534163849437, 1610.323370411783, 1380.3220448475074, 1289.2841126452217, 1295.0933457413678]","[145.1093, 124.9239, 148.1289, 151.8319, 97.6051, 114.6317]",782.2308,1.0,1.0,1.0,0.15,AAAABB,6,76,"[14, 16, 16, 18, 12]","[[9.9056, 4.9391, 9.92, 9.4978, -1.1893, 3.1112, 5.5315, -2.2583, 3.8957, 6.6518, 9.9414, -0.9608], [-4.2951, 5.1183, 3.8686, 6.8244, -2.2696, -0.2488, 5.7783, 8.6668, 2.2466, 0.2586, -2.9314, 8.8896], [-6.1564, -9.645, -5.7544, 3.0506, -5.5997, -1.1631, -1.3711, -9.9471, -0.1916, -4.5627, -9.948, -3.5954], [2.411, -4.7706, 0.7655, -9.9477, -1.9131, -4.7255, 6.8009, -1.0014, 9.8964, -1.4554, 8.336, -9.9488], [-1.7042, 8.0186, -5.6665, -1.4686, -4.2413, 4.9354, 0.9131, 4.6046, -9.9412, 9.0966, -9.9481, 0.8145]]"
tpat_s3_S3_N6_wm1.0_wo1.0_tp10_eps0.0001_r03,Szenario_3_Final,1,abbruchkriterium,7,1228.4947204974574,890.4648862946054,334.47882348418415,3.3262561216316864,0.22475459703626666,"[1, 2, 3, 4, 5, 6, 7, 8]","[507366.8317034712, 2429.622935733146, 1554.9876320710416, 1399.5841291406434, 1268.4880231767854, 1234.0414299538002, 1228.4947204974574, 1268.3020848965548]","[120.1888, 114.6434, 128.1847, 170.4552, 161.0934, 183.5807, 233.8679, 146.8612]",1258.8753,1.0,1.0,1.0,0.15,AAAABB,6,76,"[12, 12, 8, 12, 8, 12, 12]","[[-7.5271, 1.8857, -9.9474, -3.1811, -4.5738, -5.8383, -5.7544, 0.1217, 0.3333, -8.1797, -9.9477, -9.7575], [0.5727, 7.7054, 9.9439, 2.246, -0.3825, 8.4049, 4.7664, 5.6488, 9.949, 9.1104, 5.7915, -1.3283], [3.5381, 5.5613, -2.0085, 4.1685, -3.2015, 6.7804, -1.6703, 0.8469, 1.1809, 7.4327, 1.7337, 1.4628], [-3.3157, -9.9448, 7.5212, -3.204, 5.8078, -3.8042, -5.8282, -4.4822, -1.0717, -4.5021, 3.162, -9.9492], [2.1874, -1.0941, -6.9993, 7.5031, -2.3429, -1.346, -2.1585, -0.4609, 6.2226, 7.4418, -3.9684, 9.9333], [5.7191, 1.2012, 9.9421, -2.5855, 9.9349, 1.268, 1.4138, -8.4309, 3.8775, -5.5646, 9.9483, -8.9437], [-9.9498, 3.8032, -9.9395, -0.6066, -5.6603, 1.3863, -5.7444, -2.5608, -9.9494, 8.8636, -2.2797, 7.4644]]"
tpat_s3_S3_N6_wm1.0_wo1.0_tp30_eps0.0001_r03,Szenario_3_Final,1,abbruchkriterium,6,1239.4403185851133,938.0091918317836,299.0341054970476,2.3863277204485667,0.010693535833678706,"[1, 2, 3, 4, 5, 6, 7]","[5834.254997551695, 2408.855319649383, 1484.2527882498598, 1367.7812151061544, 1262.2687901246286, 1239.4403185851133, 1262.1549392241707]","[121.5346, 199.3548, 120.3815, 244.0062, 176.8026, 135.9114, 90.5209]",1088.512,1.0,1.0,1.0,0.15,AAAABB,6,76,"[12, 12, 12, 12, 12, 16]","[[-3.188, -5.7072, -9.9328, -4.0833, -9.9417, -0.5588, -0.7789, -7.334, -9.3949, -9.5692, -5.7162, 1.5722], [-0.7285, 8.8151, 4.6821, 5.9687, 0.2018, 7.9091, 9.9492, 2.2154, 5.7559, -1.1152, 9.9475, 9.0518], [-9.9427, 0.087, -9.9477, 4.9608, 0.91, 4.6031, -9.9439, 9.0407, -5.6332, -1.3892, -2.8485, 6.8756], [5.821, 3.1223, 9.9499, -1.363, 5.8166, 0.2604, 3.9608, -5.4031, 1.7788, -8.0867, 9.9499, -7.6242], [-3.0385, -9.9181, 5.9501, -3.8293, -6.0345, -3.8397, 7.8612, -3.1249, -0.8303, -4.545, 3.4025, -9.9451], [-7.2233, 4.5031, 2.2122, -0.3394, -1.9541, 3.8155, -2.1811, -1.1505, -2.414, 9.9499, 5.3858, 6.2201]]"
tpat_s3_S3_N6_wm1.0_wo1.0_tp15_eps0.0001_r04,Szenario_3_Final,1,abbruchkriterium,7,1254.0120051436822,901.3002621276116,349.0690112779309,3.6416761389005154,0.001055599239224549,"[1, 2, 3, 4, 5, 6, 7, 8]","[8906.037540755795, 2287.0546482745995, 1459.6325472167673, 1424.608168334498, 1281.7819773771612, 1262.909997534282, 1254.0120051436822, 1311.9678679889]","[76.2443, 83.9062, 114.5305, 118.9719, 112.0666, 169.1848, 88.8551, 116.3621]",880.1215,1.0,1.0,1.0,0.15,AAAABB,6,76,"[12, 12, 8, 12, 8, 12, 12]","[[-9.9468, -1.8488, -5.9497, -5.6542, -9.9488, -8.4893, -9.9425, -9.9196, -5.7558, 1.3208, -0.6627, -7.3997], [9.7846, 5.9607, -0.672, 3.3701, 9.9361, 9.7555, 9.9499, 1.2562, 2.4592, 7.4766, 5.6658, -0.6187], [3.0122, 6.7214, -2.024, 2.8136, -3.7736, 5.7024, -0.3477, 0.3996, 2.0976, 3.018, -1.0423, 7.6198], [-5.9054, -3.8615, -4.3506, -4.5887, 0.0915, -4.6233, 4.7431, -9.9393, 6.1763, -3.8216, -0.9786, -9.9424], [4.4365, 9.9143, -6.8359, 7.4317, -5.6702, 6.4098, -3.5132, 9.9265, -0.0934, -1.2805, 6.7263, 7.1249], [5.7675, 3.1751, 1.8004, -7.9045, 5.6131, -0.7683, 3.5035, -5.9266, 9.9497, -1.1724, 9.9485, -8.3378], [-9.9495, 3.2687, -3.3113, 6.0469, -9.95, -0.8432, -1.731, 8.0317, -9.9433, 8.7629, -5.5895, -0.5983]]"
tpat_s3_S3_N6_wm1.0_wo1.0_tp5_eps0.0001_r05,Szenario_3_Final,1,abbruchkriterium,5,1245.5010426303202,1006.347652221636,235.63884005949245,3.5145503491917873,0.0,"[1, 2, 3, 4, 5, 6]","[5898.6367919862705, 2581.1864168378943, 2019.3361136583849, 1469.867522885851, 1245.5010426303202, 1277.6305738342555]","[93.2354, 86.6798, 70.215, 77.4503, 137.2934, 154.7969]",619.6708,1.0,1.0,1.0,0.15,AAAABB,6,76,"[14, 16, 16, 18, 12]","[[5.5066, 0.3513, 9.0138, 8.093, 5.604, -4.6851, 0.175, 3.4217, 3.0986, 8.2451, 9.9491, 1.8906], [-2.2605, 0.3963, -2.3828, 5.9934, -6.3955, 7.0024, 0.4896, 9.9498, 2.0429, -0.911, 5.479, 6.5811], [0.9415, -4.7261, -5.6741, 0.6094, -3.5282, -5.2188, -1.1936, -9.9085, -9.9493, -1.4422, -9.631, -9.9316], [-2.5639, -4.8619, 1.289, -4.6311, 9.5324, -8.4939, 5.6964, -0.0974, 8.9787, -1.8886, 3.2717, -9.9489], [-9.9373, 1.1539, -5.7542, -3.1039, -4.2052, 4.9216, -5.748, -0.8104, -1.4818, 8.4787, -9.9489, 7.673]]"
tpat_s3_S3_N6_wm1.0_wo1.0_tp15_eps0.0001_r05,Szenario_3_Final,1,abbruchkriterium,6,1261.7790989450932,950.5930874021906,307.2807609011834,3.6670228803472185,0.23822776137190543,"[1, 2, 3, 4, 5, 6, 7]","[134872.49996662603, 2403.577884626312, 1543.2142074319718, 1384.6972865874257, 1331.7147703907326, 1261.7790989450932, 1267.5643448647515]","[77.4125, 167.4888, 137.1338, 118.0219, 191.8342, 118.5002, 117.5518]",927.9432,1.0,1.0,1.0,0.15,AAAABB,6,76,"[12, 12, 12, 12, 12, 16]","[[-9.9476, -0.9816, -6.9727, -9.5849, -9.936, -4.483, -9.9362, -8.9079, -1.768, -6.6232, -5.6475, 0.3809], [9.9337, 9.7548, -0.4288, 3.2256, 6.8897, 6.5708, 9.9488, 2.1864, 5.6859, -1.2925, 0.6657, 7.8053], [-7.7485, 9.0412, -3.4065, 5.9283, -9.9378, -0.4333, -2.1199, 7.5108, -9.9471, 5.3551, -5.6429, -0.9473], [9.9443, 1.3545, -1.7564, -5.2995, 9.9346, -2.9051, 5.7077, 0.7886, 3.3774, -6.1672, 9.9479, -9.3872], [-2.9597, -9.9089, 4.9205, -9.9456, 2.1649, -9.9231, -6.0153, -3.8697, 7.0415, -3.501, -0.7775, -4.5489], [1.4679, -1.1083, 2.3222, -1.2499, -5.0167, 7.7958, -0.1891, 8.7876, 5.3459, 6.4768, -2.4135, 1.9789]]"
tpat_s3_S3_N6_wm1.0_wo1.0_tp5_eps0.0001_r06,Szenario_3_Final,1,abbruchkriterium,3,1473.855824915573,1324.8920312521414,144.01257039938463,4.951223264047118,0.0,"[1, 2, 3, 4]","[113779.53748267151, 2481.053265064724, 1473.855824915573, 1520.271732934859]","[107.9531, 72.1694, 75.8251, 92.1288]",348.0764,1.0,1.0,1.0,0.15,AAAABB,6,76,"[28, 24, 24]","[[5.7902, 0.2536, -1.7678, 3.0108, 8.1374, 5.0532, 1.8055, 0.005, 3.4935, 9.9479, -6.32, 7.0751], [9.9445, -6.281, 6.0061, -3.519, -1.4569, -4.5556, 9.9024, 1.15, 5.1008, 4.5376, 2.8006, -9.928], [-5.3118, 4.8742, -3.4021, -9.1146, -0.2316, -4.7061, -5.4126, -1.7574, -9.9493, 0.1223, -9.9251, -8.1811]]"
tpat_s3_S3_N6_wm1.0_wo1.0_tp15_eps0.0001_r06,Szenario_3_Final,1,abbruchkriterium,7,1260.003944031475,899.6849639366982,355.05560481021473,5.233492688207868,0.02988259635427332,"[1, 2, 3, 4, 5, 6, 7, 8]","[136109.11470698673, 2927.4065192956314, 1490.6311568757264, 1379.1191129714175, 1277.0842178275252, 1264.2800501255253, 1260.003944031475, 1278.7822892541021]","[86.0859, 134.0334, 159.5871, 70.8431, 70.3408, 69.7424, 72.9781, 72.2361]",735.8469,1.0,1.0,1.0,0.15,AAAABB,6,76,"[12, 12, 8, 12, 8, 12, 12]","[[-5.6621, 0.9155, -0.856, -7.2103, -5.4889, -5.4839, 0.1148, -7.9006, -9.9464, -1.3743, -9.9327, -9.9345], [4.2914, 6.7038, 9.8755, 1.3415, 9.9033, 9.8177, 9.9233, 5.2577, 5.5713, -1.5621, 0.0831, 8.2152], [2.9296, 6.8622, -3.8208, 5.4672, -2.002, 2.5434, -0.1293, 0.4221, -1.3394, 7.5651, 2.0909, 3.2893], [-5.6519, -3.9005, -2.8407, -9.864, -4.5321, -9.9264, 6.0974, -3.8908, 0.1221, -4.551, 4.0978, -9.9471], [6.3787, 6.8322, 5.6628, 8.3929, -6.7991, 7.3103, 2.2408, -0.7119, -4.592, 9.8583, -2.346, -1.3596], [5.5549, 4.6825, 9.9484, -6.2181, 9.9435, -8.0279, 9.9418, -0.3604, 1.5808, -8.3652, 5.5521, -1.1931], [-2.0251, 7.7254, -9.9481, 2.4742, -3.0157, 6.4143, -9.9165, -2.1316, -9.9494, 7.718, -5.5563, -0.6003]]"
tpat_s3_S3_N6_wm1.0_wo1.0_tp30_eps0.0001_r06,Szenario_3_Final,1,abbruchkriterium,7,1243.0609709601724,901.409163951058,339.22738960303275,2.3796227725969556,0.04479463348460075,"[1, 2, 3, 4, 5, 6, 7, 8]","[335840.9925454402, 2666.5977223944174, 1502.6004692657532, 1365.4877635622638, 1301.5254542419264, 1276.88895206052, 1243.0609709601724, 1289.227932007707]","[125.1112, 163.4225, 72.4804, 93.1242, 80.9416, 114.5921, 120.2267, 116.5313]",886.43,1.0,1.0,1.0,0.15,AAAABB,6,76,"[12, 12, 8, 12, 8, 12, 12]","[[1.0797, -8.621, -4.809, -6.1082, -9.9378, -2.3964, 0.1848, -7.9171, -9.9435, -9.1873, -5.7776, 0.9841], [5.8676, -2.5372, 3.8522, 5.4269, 8.3687, 9.9448, 5.913, -0.7235, 0.2653, 7.9776, 9.95, 4.6329], [-1.4444, 0.9431, 1.1898, 0.9894, 3.0604, 6.4148, 1.2581, 3.9457, -3.8202, 5.0722, -1.0658, 8.1288], [2.9354, -4.658, 5.5439, -9.9489, 6.715, -3.5003, 3.9507, -9.9437, -3.1032, -4.5515, -2.8582, -9.9495], [5.2872, 5.8009, -2.1038, -1.1869, 2.0385, -1.0869, -4.9481, 9.9384, -6.3982, 7.1791, 4.658, 9.9451], [9.936, -9.648, 0.8337, -9.1072, 5.7794, 3.0109, 5.7642, 0.6755, 2.8907, -6.7657, 9.9451, -3.6524], [-1.309, 8.5306, -9.941, 0.9003, -9.9446, 9.1748, -9.9486, 5.5001, -3.3807, 6.0766, -5.6812, -1.8486]]"
tpat_s3_S3_N6_wm1.0_wo1.0_tp10_eps0.0001_r07,Szenario_3_Final,1,abbruchkriterium,7,1254.5930424939418,917.7259053160708,333.0114159186079,3.7810833491027003,0.07463791016042624,"[1, 2, 3, 4, 5, 6, 7, 8]","[243362.48562533024, 2378.627866381288, 1510.1928535516554, 1428.8145912133546, 1288.318201760806, 1260.4262049234778, 1254.5930424939418, 1275.4049896885363]","[138.1197, 95.2373, 136.3886, 96.9477, 105.055, 165.3394, 168.1116, 168.6906]",1073.8899,1.0,1.0,1.0,0.15,AAAABB,6,76,"[12, 12, 8, 12, 8, 12, 12]","[[-9.2536, -1.5269, -9.8022, -9.7712, -9.9295, -7.7572, -5.8531, 1.8892, -3.866, -4.9985, -0.2621, -9.1545], [-0.1093, 3.3036, 5.796, 6.7639, 9.8999, 9.426, 9.9498, 3.2613, -0.1481, 8.3832, 5.7839, -1.3577], [0.6579, 0.5932, 1.9173, 3.1989, -1.6419, 1.5412, -1.4299, 8.0945, -3.2522, 5.643, 2.6602, 6.5577], [-4.9526, -4.6974, -2.6822, -4.6488, 1.7235, -4.6236, -2.6819, -9.9411, 7.3434, -3.3954, 3.6183, -9.9494], [-6.6542, 7.3191, -4.5161, 9.3805, 2.305, -0.1897, 2.2761, -1.2532, 5.6765, 8.4975, -2.3624, -1.35], [9.9479, -3.3024, 5.6888, -1.1558, 5.7277, 2.5614, 9.9468, 0.7816, 9.9473, -8.4787, 2.6775, -6.9656], [-1.2111, 8.728, -9.8582, 9.947, -9.9486, -0.8971, -3.3028, 6.0143, -5.593, -0.7479, -9.9461, 5.4251]]"
tpat_s3_S3_N6_wm1.0_wo1.0_tp40_eps0.0001_r07,Szenario_3_Final,1,abbruchkriterium,7,1246.2196158237696,904.9288052269891,337.68910040025844,3.5744098106863107,0.027300385835696588,"[1, 2, 3, 4, 5, 6, 7, 8]","[8211.925255315553, 2403.6007260364786, 1521.707408515661, 1428.0487013104646, 1320.4959086674742, 1258.2297770310652, 1246.2196158237696, 1282.4479303110484]","[135.7644, 111.4955, 101.2982, 99.7158, 137.8866, 99.0355, 73.5153, 111.7692]",870.4805,1.0,1.0,1.0,0.15,AAAABB,6,76,"[12, 12, 8, 12, 8, 12, 12]","[[-9.9468, -8.5731, -4.9169, -6.0366, -9.9484, -2.3507, -9.9383, -9.8934, -5.7836, 1.0206, 0.1368, -8.0002], [5.7951, -2.0657, -0.4533, 3.2118, 5.9379, 3.2166, 9.947, 1.0008, 1.3429, 8.1962, 9.9497, 8.6859], [1.6252, 0.8985, -1.468, 0.7689, 0.1361, 3.5244, -0.7131, 8.3412, 2.9872, 6.2987, -3.4077, 5.9573], [3.8826, -9.9497, -4.6415, -9.9459, -0.8077, -9.9485, 5.5738, -9.9438, 5.6465, -3.998, -2.3597, -4.5414], [6.2985, 6.6026, -2.2424, -1.2259, 2.3463, -1.3526, -1.001, -1.1718, -6.3449, 7.9536, 4.2366, 9.8385], [0.5673, -4.9672, 9.9056, -6.1416, 9.9496, -0.6592, 9.9342, -8.8106, 5.6754, 0.9336, 2.3785, -7.3687], [-5.6757, -2.8872, -9.9476, 2.7656, -5.6815, 1.3723, -9.9492, -1.007, -9.9491, 8.3214, -2.4852, 7.165]]"
tpat_s3_S3_N6_wm1.0_wo1.0_tp20_eps0.0001_r08,Szenario_3_Final,1,abbruchkriterium,7,1252.4848804089804,894.6361789536538,353.9143938168249,3.743007947676369,0.19129969082512935,"[1, 2, 3, 4, 5, 6, 7, 8]","[7354.344052554941, 2329.2543825502453, 1471.6822975951127, 1398.7708317668332, 1291.6375559719377, 1253.1202850994755, 1252.4848804089804, 1260.3727401703459]","[104.6282, 90.3546, 117.3435, 162.184, 161.277, 87.1398, 155.5779, 252.7658]",1131.2708,1.0,1.0,1.0,0.15,AAAABB,6,76,"[12, 12, 8, 12, 8, 12, 12]","[[-5.6653, 1.119, -4.8573, -5.2991, -9.9372, -9.1833, -9.4066, -9.9349, -9.9437, -1.3801, -0.664, -7.3828], [9.9107, 9.7647, 5.8379, 4.5957, 9.9385, 1.5309, 9.8921, 7.9109, 0.7381, 7.7044, 5.6446, -2.3904], [2.4752, 4.7502, -3.813, 5.1438, 2.7442, 6.9059, -2.0175, 1.4427, -1.706, 7.2661, 0.8974, 1.1213], [6.7006, -3.5017, -1.7298, -4.6301, -4.7676, -4.6596, 3.1206, -4.6969, -2.7676, -9.9445, 4.7456, -9.9489], [-6.0929, 8.4732, 2.3492, -1.3527, -5.1338, 9.3281, 6.8967, 7.1039, -2.25, -1.2454, 5.5371, 9.0469], [9.9459, -8.9023, 9.9032, -0.9981, 4.4565, -4.9079, 9.9411, -5.8416, 1.9783, -7.877, 5.6995, 1.5973], [-3.1024, 6.3476, -2.2049, 7.4249, -9.9478, -1.1905, -9.8698, 9.949, -5.5957, -0.7545, -9.948, 4.9677]]"
tpat_s3_S3_N6_wm1.0_wo1.0_tp10_eps0.0001_r09,Szenario_3_Final,1,abbruchkriterium,6,1251.958672846877,936.6150786256733,312.4368028735522,2.906791340399681,7.251860762301534e-09,"[1, 2, 3, 4, 5, 6, 7]","[106197.27633548909, 2414.0014517969453, 1613.0152985257728, 1393.1722878234796, 1301.5530969241995, 1251.958672846877, 1266.6328831973146]","[96.5346, 103.7613, 81.8261, 86.4907, 87.0482, 142.3519, 176.3429]",774.3557,1.0,1.0,1.0,0.15,AAAABB,6,76,"[12, 12, 12, 12, 12, 16]","[[-9.9192, -9.7891, -9.9106, -1.9821, -5.8322, -5.904, -9.9133, -8.2893, -5.8928, 1.0369, -0.2674, -7.6909], [9.9487, 9.8731, 4.0044, 4.8132, 5.7473, -1.1454, -0.786, 3.2321, 3.3855, 9.8206, 9.9485, 3.3676], [-5.6278, -1.064, -9.9447, 3.1621, -9.9177, -0.9782, -4.3715, 4.8295, -9.9494, 9.321, -1.8792, 7.9695], [2.6095, -6.9233, 5.6672, -2.2814, 1.1151, -8.7124, 9.9462, -0.6961, 9.9483, -7.0061, 5.147, 4.6947], [-4.9685, -9.938, 5.8818, -9.9473, 3.6362, -9.9484, -1.0503, -9.9487, 5.7098, -3.9974, -2.279, -4.5419], [4.1994, 4.9036, -1.7828, 4.447, 5.9886, 8.0645, 0.6959, 9.9492, -6.7289, 7.3764, -0.009, -1.2037]]"
tpat_s3_S3_N6_wm1.0_wo1.0_tp30_eps0.0001_r09,Szenario_3_Final,1,abbruchkriterium,7,1250.0822785608073,906.0416934782796,341.60357126757924,2.3705319387127477,0.06648187623569243,"[1, 2, 3, 4, 5, 6, 7, 8]","[8717.586083156006, 2257.750698540214, 1443.833735937595, 1404.3183655026687, 1294.1490138163053, 1251.4222566436763, 1250.0822785608073, 1265.20909924701]","[130.1566, 198.4737, 122.4405, 159.8591, 173.221, 110.8132, 96.1799, 109.0675]",1100.2115,1.0,1.0,1.0,0.15,AAAABB,6,76,"[12, 12, 8, 12, 8, 12, 12]","[[-6.5206, 0.5058, -3.7084, -5.0708, -7.9623, -9.945, -5.9185, 2.4915, -9.9466, -5.0508, -0.2815, -7.6911], [9.95, 7.6754, 9.946, 2.561, 0.1258, 9.4802, 9.7949, 9.7949, 5.7932, -1.0154, 2.4766, 6.1899], [-1.0788, 0.5492, -1.1165, 7.7281, -1.8162, 3.755, -3.4252, 6.2198, 2.7273, 6.5755, 2.0521, 1.8271], [-4.2348, -9.9493, -3.962, -4.6657, 6.6778, -9.9403, -0.4825, -4.591, 6.1328, -3.7953, 1.9387, -9.9487], [0.5653, 9.9456, -2.2625, -1.2207, 7.1508, 7.4151, 6.977, 8.7472, 2.2287, -1.2346, -6.4029, 7.1931], [4.1415, -5.2138, 2.0071, -7.7189, 1.3022, -8.5627, 9.95, -1.54, 9.9316, -7.6401, 5.7747, 1.7416], [-5.6183, -1.194, 0.843, 4.6155, -9.9022, 9.507, -9.9235, 8.0877, -9.9447, 0.7768, -3.1041, 6.4638]]"
tpat_s3_S3_N6_wm1.0_wo1.0_tp30_eps0.0001_r10,Szenario_3_Final,1,abbruchkriterium,6,1235.6436300105809,935.602961286814,297.4684471092713,2.572221614495645,0.0,"[1, 2, 3, 4, 5, 6, 7]","[142590.9829161069, 2429.710099081709, 1539.7935605693751, 1388.0038032256834, 1266.8786568799246, 1235.6436300105809, 1237.326248604155]","[69.5671, 171.0173, 107.5174, 126.3184, 166.6245, 168.8502, 168.3504]",978.2453,1.0,1.0,1.0,0.15,AAAABB,6,76,"[12, 12, 12, 12, 12, 16]","[[-9.9498, -2.1892, 1.0961, -4.9575, -7.3917, -6.8148, -9.9457, -9.9379, -5.7398, 1.0507, -1.0612, -7.0923], [-0.0721, 9.0097, 9.9497, 2.4084, 5.9821, -2.7765, 6.0394, 0.3834, 9.9475, 8.7933, 2.4662, 6.1789], [-0.9051, 9.019, -9.949, 0.8445, -3.9021, 5.3348, -2.2127, 7.4066, -9.9496, 7.5953, -5.6936, -1.6101], [5.6759, -1.3624, 9.894, -9.923, 9.9422, 1.2628, 5.7607, 2.975, 2.4872, -7.2713, 9.9442, -5.3445], [-6.5043, -3.6006, -3.238, -4.6311, 5.3754, -9.9145, 1.599, -4.6544, 7.048, -3.4957, -0.9421, -9.947], [-5.5411, 6.306, 3.6803, 5.1844, 2.2856, 0.236, 7.3654, 7.6728, -1.7851, 9.3827, -2.3118, 0.0424]]"
tpat_s3_S3_N6_wm1.0_wo1.0_tp10_eps0.0001_r11,Szenario_3_Final,1,abbruchkriterium,6,1267.02530922454,956.632328392758,307.53597503025463,2.857005801527472,0.0,"[1, 2, 3, 4, 5, 6, 7]","[299522.3082179886, 2480.679370449123, 1527.8730722539685, 1350.6840164544983, 1278.5126907080742, 1267.02530922454, 1280.4091046301892]","[105.7663, 131.5635, 174.6679, 102.035, 99.0911, 108.3832, 103.0722]",824.5792,1.0,1.0,1.0,0.15,AAAABB,6,76,"[12, 12, 12, 12, 12, 16]","[[-5.78, -2.5404, -9.9494, -4.8431, -9.9471, -0.1819, -5.8513, 2.7237, -1.4977, -7.0416, -9.8706, -9.948], [9.9426, 2.0165, 1.3034, 7.0345, 4.9912, 5.999, 0.1064, 8.0024, 9.9481, 8.8484, 5.8088, -1.2963], [2.5209, 4.7209, -1.788, 9.9195, -9.9498, 2.3093, -9.9348, 7.5171, -3.4007, 6.0779, -5.6623, -2.1833], [-7.3606, -0.3686, 9.9421, -8.7954, 9.9494, -0.4683, 9.9494, -5.4691, 2.479, -7.266, 5.611, 0.9934], [2.5884, -4.6511, 5.4793, -9.9301, 3.8142, -9.9253, 6.1285, -3.703, -3.2196, -4.561, -2.9393, -9.9467], [0.3525, 9.9497, -2.211, 0.4631, 2.4371, 5.9711, 6.7047, 7.5051, 2.1401, -1.097, -5.3316, 6.179]]"
tpat_s3_S3_N6_wm1.0_wo1.0_tp40_eps0.0001_r11,Szenario_3_Final,1,abbruchkriterium,6,1242.3204267696424,933.8576522112901,305.9235095727518,2.5247094830896186,0.014555502510948374,"[1, 2, 3, 4, 5, 6, 7]","[135658.69246783963, 2259.4219871959717, 1490.130232918466, 1457.8398383949461, 1272.5491498365718, 1242.3204267696424, 1266.4055326882374]","[66.1305, 541.6771, 67.498, 65.9312, 67.0815, 68.2899, 68.6529]",945.2611,1.0,1.0,1.0,0.15,AAAABB,6,76,"[12, 12, 12, 12, 12, 16]","[[-5.8477, 1.7246, -9.8893, -8.4217, -9.9461, -9.6905, -9.5215, -1.8933, -3.8906, -4.985, -0.2975, -9.1248], [9.9484, 2.3867, 5.8409, 0.4415, 5.878, -2.6796, 4.6086, 6.1949, 0.1643, 8.0796, 9.9426, 9.3454], [-9.9496, 0.1731, -9.9472, 9.0847, 0.8053, 4.6012, -9.9363, 5.0683, -5.6219, -1.3552, -2.6789, 6.968], [5.7692, 2.1578, 9.9426, -9.9004, 9.949, 0.2576, 5.6935, -1.669, 9.9466, -6.1574, 2.1777, -7.5706], [-5.8169, -3.8026, -4.2954, -9.9481, -1.7596, -9.9378, 6.4122, -3.6111, 0.5586, -4.5547, 4.7773, -9.9499], [2.2484, -1.2495, -2.1103, -1.1782, -0.7193, 9.918, 0.2559, 3.1356, 5.3396, 7.3449, -5.7226, 6.5907]]"
tpat_s3_S3_N6_wm1.0_wo1.0_tp15_eps0.0001_r12,Szenario_3_Final,1,abbruchkriterium,7,1242.9902476079287,893.9656367854831,345.86129351627187,3.0566707800792416,0.10664652609452414,"[1, 2, 3, 4, 5, 6, 7, 8]","[103232.8902862385, 2528.4011937200908, 1514.1948904238902, 1469.1342894455486, 1275.3325014681066, 1271.2024395619376, 1242.9902476079287, 1288.293862965446]","[177.4091, 232.48, 138.056, 152.2698, 81.5177, 80.2013, 122.0137, 124.104]",1108.0516,1.0,1.0,1.0,0.15,AAAABB,6,76,"[12, 12, 8, 12, 8, 12, 12]","[[0.2867, -8.0322, -4.8715, -6.071, -9.9288, -2.3379, -0.6128, -7.3546, -5.8518, 1.0229, -9.9336, -9.2748], [9.9187, 8.752, 5.7127, -1.0084, 1.5645, 9.3357, 9.9178, 9.8548, 2.9682, 5.7769, 9.9493, 1.5987], [0.6731, 3.6746, -1.9829, 1.2208, 3.4096, 5.7767, 1.0022, 0.7657, 0.3633, 8.2694, -3.5401, 5.9244], [-5.3028, -9.9442, 3.1297, -4.6771, -1.3793, -9.9478, 6.7179, -3.5032, -2.8904, -4.5359, 4.4272, -9.9447], [-2.1422, -1.1473, 3.4733, 9.9474, -6.7929, 7.3129, 0.8251, -1.1648, 6.8224, 7.1824, -6.1108, 9.927], [9.9343, -2.222, 3.2528, -6.2093, 9.9405, 1.8983, 1.8071, -7.944, 9.8978, -7.8095, 5.5966, 0.5375], [-5.748, -2.919, -3.8182, 5.4129, -9.9337, 1.0822, -5.7168, -0.2706, -0.9938, 9.0837, -9.9384, 7.7789]]"
tpat_s3_S3_N6_wm1.0_wo1.0_tp40_eps0.0001_r12,Szenario_3_Final,1,abbruchkriterium,6,1258.9587003835081,955.291279631635,300.6638275132186,2.9317979509354712,0.07179528771891566,"[1, 2, 3, 4, 5, 6, 7]","[239536.2236483525, 2307.019836344668, 1517.391418548735, 1411.7844877462444, 1314.9881855967642, 1258.9587003835081, 1279.3440571327806]","[152.2806, 167.3542, 73.6156, 72.9588, 75.9029, 70.3923, 86.5659]",699.0703,1.0,1.0,1.0,0.15,AAAABB,6,76,"[12, 12, 12, 12, 12, 16]","[[-4.8801, -6.0935, -0.1141, -7.7015, 0.9404, -8.5004, -9.9497, -2.4291, -9.9491, -9.3208, -5.8234, 1.0228], [9.9499, 8.8634, 5.7297, -1.3074, 9.8719, 9.9484, 0.6961, 9.3833, 3.3645, 5.4778, 9.9419, 1.6448], [-5.869, 5.6582, -9.9496, 1.8412, 1.0335, 0.7506, -9.9491, 7.7249, -5.5737, -1.9288, -1.3827, 8.5635], [9.9337, -5.1604, 9.9199, -9.4272, -1.6261, -4.963, 9.9474, -0.3828, 5.6359, 1.5664, 3.1235, -6.5968], [-2.7245, -9.9385, -0.8704, -4.6032, -4.2544, -4.6847, 8.7387, -2.8061, 5.8418, -3.8976, 3.8733, -9.9491], [-2.2414, 0.5322, 2.4901, 5.951, 0.2709, 9.9493, 6.6767, 7.8847, 2.1555, -1.0425, -5.3318, 6.1876]]"
tpat_s3_S3_N6_wm1.0_wo1.0_tp15_eps0.0001_r13,Szenario_3_Final,1,abbruchkriterium,7,1253.0364692844923,902.2670346840293,348.68994381886796,2.008454428394926,0.07103635320010333,"[1, 2, 3, 4, 5, 6, 7, 8]","[678044.4962872523, 2271.2279713189646, 1624.727518014356, 1407.8411694384013, 1300.4724728186297, 1255.8525115633129, 1253.0364692844923, 1299.3133214183845]","[118.5839, 128.2921, 101.7342, 222.5936, 70.5768, 71.2971, 135.0007, 201.1264]",1049.2048,1.0,1.0,1.0,0.15,AAAABB,6,76,"[12, 12, 8, 12, 8, 12, 12]","[[-9.9383, -9.8949, -9.9471, -2.339, -4.7465, -5.9623, -9.9451, -8.4751, 0.1367, -7.9965, -5.828, 1.1606], [-0.584, 8.6057, 6.6782, 0.4839, 9.95, 2.8221, 5.9157, -2.7352, 2.4697, 6.1775, 9.9435, 9.2016], [-1.1366, 7.7125, -3.4311, 6.223, -1.8463, 3.7421, -1.0538, 0.5332, 2.7138, 6.5917, 2.0548, 1.8653], [6.7938, -3.5051, 4.7997, -9.9357, 3.9359, -4.7401, -0.3476, -4.6407, -5.8355, -3.897, -1.7663, -9.9411], [-6.0959, 6.7184, -6.9986, 9.461, 5.0874, 5.6035, -4.6352, 9.9486, -0.3544, -1.2133, 6.2451, 9.8455], [3.202, -6.3109, 1.4105, -8.408, 5.7231, -2.4073, 9.9489, -0.6964, 5.6712, 3.0613, 9.9488, -7.1017], [-0.9433, 9.0463, -9.9317, 9.5675, -9.9469, 8.493, -5.6596, -1.4746, -9.9253, 1.4294, -3.3865, 6.0661]]"
tpat_s3_S3_N6_wm1.0_wo1.0_tp40_eps0.0001_r13,Szenario_3_Final,1,abbruchkriterium,5,1292.5791495422536,1043.4753664068762,245.30465209258313,3.636264337408063,0.1628667053860814,"[1, 2, 3, 4, 5, 6]","[230420.9874634591, 2248.4380032180497, 1567.5901806419545, 1365.5000516231412, 1292.5791495422536, 1293.6663126414155]","[103.5884, 112.1799, 149.7913, 112.1063, 114.5648, 80.6182]",672.8489,1.0,1.0,1.0,0.15,AAAABB,6,76,"[14, 16, 16, 18, 12]","[[5.5571, -2.5505, 2.2007, 9.9254, 9.9393, -0.3176, -0.6749, 3.2242, 9.9335, 6.6283, 4.0921, 6.1464], [-3.6348, 9.8324, 2.1776, -0.4795, -1.5248, -0.6091, 2.4482, 4.4936, 4.5527, 9.4681, -4.6136, 5.6005], [-9.5711, -0.1281, -6.1596, -3.0011, -8.9472, -9.948, -1.734, -4.6787, -9.8805, -9.9024, 0.2046, -8.6769], [-0.4913, -4.6084, 4.7299, -4.5564, -4.2308, -4.7615, 9.9433, -6.2516, 7.6106, 0.1467, 2.5739, -9.9481], [-5.712, 2.8706, -1.7023, 8.0031, -9.9495, 0.6813, -2.9069, 6.5629, -5.7398, -2.6634, -9.9446, 7.5149]]"
tpat_s3_S3_N6_wm1.0_wo1.0_tp15_eps0.0001_r14,Szenario_3_Final,1,abbruchkriterium,6,1240.2128356622927,933.3744796236491,304.23021428862893,2.596460967477329,0.011680782537177553,"[1, 2, 3, 4, 5, 6, 7]","[332889.3547973127, 2409.943131628389, 1505.8568556302039, 1400.5960613315692, 1285.5540647978085, 1240.2128356622927, 1253.6717965530452]","[94.1621, 97.8488, 165.8584, 144.7143, 129.7298, 207.541, 106.4776]",946.332,1.0,1.0,1.0,0.15,AAAABB,6,76,"[12, 12, 12, 12, 12, 16]","[[-9.8813, -4.0823, -3.6772, -6.8187, -0.4643, -7.534, -9.9433, 0.6139, -9.9284, -9.5836, -5.5877, -0.2943], [4.7542, 5.9579, 9.9383, 2.221, 0.2202, 7.9211, 1.2456, 7.1372, 5.876, -1.2957, 9.9395, 8.9307], [-9.9451, 7.6405, -5.704, -1.9693, -9.9455, 9.6122, -9.9315, 1.0942, -1.0008, 9.0976, -4.3968, 4.8678], [5.7575, 1.4436, 5.8073, 3.5074, 9.9481, -1.1357, 5.7534, -3.7379, 1.9778, -7.8664, 9.9491, -7.7257], [-4.3461, -9.947, -0.7521, -4.6204, -4.0493, -4.6866, 6.6735, -9.9106, 5.8355, -3.898, 1.7007, -9.9498], [2.0669, -0.956, 2.2611, 9.167, -1.6043, 3.1404, -2.0646, -1.1234, -4.4671, 7.9599, 5.0757, 5.8671]]"
tpat_s3_S3_N6_wm1.0_wo1.0_tp40_eps0.0001_r14,Szenario_3_Final,1,abbruchkriterium,6,1248.7099741040245,953.2949280237833,291.959036009232,3.4548300460304513,0.001180024978554327,"[1, 2, 3, 4, 5, 6, 7]","[116687.45121473922, 2382.7219750126505, 1518.0531178778638, 1440.13550147464, 1281.3911805545015, 1248.7099741040245, 1256.145230481755]","[86.7634, 91.134, 85.0546, 73.8835, 109.6191, 166.7426, 95.4484]",708.6456,1.0,1.0,1.0,0.15,AAAABB,6,76,"[12, 12, 12, 12, 12, 16]","[[-5.822, 2.4396, -7.8443, -9.9474, -3.8179, -4.9251, -6.9928, 0.4555, -0.0622, -7.8796, -9.9492, -5.2735], [0.707, 7.5008, 4.7361, 7.0909, -0.6372, 3.2583, 9.5437, 9.8802, 5.6724, -1.3746, 9.9482, 2.9593], [-9.9486, 4.3661, -9.9436, -0.5915, -9.9347, 9.9253, -5.6421, -1.2999, 1.3348, 4.7031, -3.1938, 6.8935], [1.7105, -8.0186, 9.9465, -3.2199, 2.605, -6.9074, 9.9488, 1.0634, 9.9315, -8.3751, 5.5615, 0.1564], [3.0223, -4.6376, -4.6467, -4.6508, -1.6509, -4.6324, 6.1457, -3.7013, -2.7457, -9.9492, 4.8406, -9.949], [0.1887, 3.2049, -0.4859, 9.9496, 2.1656, -1.1565, -2.1514, -1.1504, -5.7423, 6.7434, 5.4635, 7.2398]]"
tpat_s3_S3_N6_wm1.0_wo1.0_tp15_eps0.0001_r15,Szenario_3_Final,1,abbruchkriterium,6,1264.8761713566698,959.9120008205924,300.25438199800016,4.7097885380772,0.0,"[1, 2, 3, 4, 5, 6, 7]","[139875.4153046983, 2338.7826387428186, 1485.2319277652318, 1359.624141460627, 1267.0954351161333, 1264.8761713566698, 1272.7723640311385]","[154.7866, 154.4446, 118.9043, 109.9197, 101.1638, 121.5877, 89.4489]",850.2556,1.0,1.0,1.0,0.15,AAAABB,6,76,"[12, 12, 12, 12, 12, 16]","[[-9.91, -3.7254, -3.2434, -6.6802, -9.8172, 1.4798, -0.3815, -7.8807, -5.6471, -0.3589, -9.8038, -9.3039], [-1.2696, 3.8057, 5.73, -3.2531, 1.9099, 6.5483, 5.6223, 1.5236, 9.9499, 2.2302, 7.7884, 9.286], [-7.3581, -3.5178, -9.943, 1.2914, -9.9441, 8.2724, -9.938, 6.7033, -5.5948, 0.4339, -2.1895, 7.5657], [5.6343, -1.7103, 9.9475, -3.2652, 9.9455, 1.7661, 5.7471, 2.4392, 9.9469, -8.1636, 2.2931, -7.4641], [3.1694, -9.9346, 8.4811, -2.9088, -1.3337, -9.9424, -2.0188, -4.6616, -6.6738, -3.6996, 3.8348, -4.5233], [-2.2733, -0.1059, 5.8826, 6.3133, -3.5142, 5.5632, -6.8393, 7.4021, 2.2652, 0.2736, 1.7231, 9.3975]]"
tpat_s3_S3_N6_wm1.0_wo1.0_tp40_eps0.0001_r15,Szenario_3_Final,1,abbruchkriterium,5,1259.5409461326399,995.3979565843053,260.24353178566236,3.8946442225353413,0.00481354013674712,"[1, 2, 3, 4, 5, 6]","[136797.55118800214, 2247.109584074852, 1542.2626008975026, 1372.7922594352115, 1259.5409461326399, 1272.8357127560898]","[151.6702, 122.7021, 118.9959, 104.6444, 171.8986, 87.2337]",757.1449,1.0,1.0,1.0,0.15,AAAABB,6,76,"[14, 16, 16, 18, 12]","[[5.533, 1.9055, 1.8124, 6.6, 3.3029, 7.6898, 5.5515, -3.3873, 9.9478, 7.8566, 9.9499, -0.8522], [6.7321, 7.0026, -0.6622, 9.9478, 2.2468, 5.9731, 2.2612, 0.4939, -2.0761, -1.0285, -5.5652, 6.5239], [-1.5528, -8.9834, -5.6234, -3.5049, -9.9341, -1.8477, -9.3188, -0.2065, -9.9215, -9.9067, 0.5188, -4.7995], [7.501, 0.197, 0.5999, -9.9455, 9.945, -2.2545, 5.8605, -3.6029, -0.6386, -4.6714, 8.2128, -9.9461], [-3.5387, 5.8051, -9.8358, 9.1809, -9.9258, 7.8253, -2.2093, 7.4821, -5.6498, -1.3844, -9.9439, 1.1931]]"
tpat_s3_S3_N6_wm1.0_wo1.0_tp40_eps0.0001_r16,Szenario_3_Final,1,abbruchkriterium,5,1252.3264660199916,998.2311724295594,250.23501044451461,3.8602831459174918,0.0,"[1, 2, 3, 4, 5, 6]","[253232.4981735111, 2343.6089321718805, 1467.766439163164, 1395.4699040074904, 1252.3264660199916, 1263.5811000347105]","[86.3013, 94.3743, 138.6018, 152.0125, 117.1989, 142.401]",730.8898,1.0,1.0,1.0,0.15,AAAABB,6,76,"[14, 16, 16, 18, 12]","[[4.5038, 5.1012, -0.5109, 3.4537, 5.5346, -2.4984, 2.7123, 8.823, 9.9494, 7.8636, 9.9466, -0.3327], [6.7993, 7.0001, 2.8315, 4.7518, 2.3421, 9.838, -3.7976, 4.7745, -5.5118, 8.8081, -0.4406, -1.069], [-7.5707, -9.9498, 1.5499, -4.6275, -3.4145, -5.2014, -1.3987, -9.9452, -9.9483, -3.4239, -5.6386, 1.7144], [9.84, -2.2188, 5.6501, -3.7276, 7.5019, 0.1882, -0.7455, -4.6273, 9.9208, -9.8289, 1.0596, -9.9484], [-5.6874, 0.3815, -9.9421, 3.1921, -5.6436, -4.1253, -9.9484, -0.6008, -3.0814, 6.4696, -9.9281, 8.6723]]"
tpat_s3_S3_N6_wm1.0_wo1.0_tp40_eps0.0001_r17,Szenario_3_Final,1,abbruchkriterium,7,1242.8452565106156,895.0005232356798,344.9047534116241,2.9345815963235213,0.0053982669883839715,"[1, 2, 3, 4, 5, 6, 7, 8]","[382356.91673526523, 2509.4283740090013, 1559.006031549468, 1428.178877440146, 1287.5924066860819, 1248.5880306725237, 1242.8452565106156, 1294.7430032516868]","[169.6407, 146.7493, 110.1562, 104.1087, 100.4975, 84.5595, 106.0754, 66.4827]",888.27,1.0,1.0,1.0,0.15,AAAABB,6,76,"[12, 12, 8, 12, 8, 12, 12]","[[-6.0974, -7.2925, -9.946, -3.2715, -5.7981, -1.1749, -9.9487, -8.714, -5.7545, 2.9309, -0.4752, -7.5856], [5.865, -2.6606, 5.8855, 0.521, 4.4725, 6.055, 9.9485, 2.3037, 9.95, 9.1594, -0.8102, 8.8774], [-3.3294, 5.0512, 3.0264, 6.395, -2.5323, 7.1109, 0.5778, 6.7525, -1.523, 0.8816, 2.0556, 1.8785], [5.9615, -3.8052, 5.5424, -9.9469, 3.9956, -9.9464, 2.7752, -4.6532, -3.2123, -4.5526, -2.8315, -9.9474], [6.324, 8.5754, -2.3522, -1.3348, 0.1671, 9.949, 7.2773, 7.6179, 2.2437, -1.2522, -6.7885, 7.4776], [5.8385, 3.1641, 9.9476, -1.0676, 4.3398, -5.0209, 5.8247, 0.3805, 1.7109, -8.167, 9.9463, -7.4566], [-9.9114, 9.9449, -9.4989, -0.7203, -4.2073, 4.9023, -5.6994, -0.8274, -9.9482, 5.9542, -1.7805, 8.0822]]"
tpat_s3_S3_N6_wm1.0_wo1.0_tp30_eps0.0001_r18,Szenario_3_Final,1,abbruchkriterium,6,1230.8897379943082,918.5202311002304,309.6153846406349,2.683221637686065,0.0709006157571229,"[1, 2, 3, 4, 5, 6, 7]","[340859.871975853, 2304.60527966163, 1582.5716309172699, 1399.6900047567399, 1270.7701232321149, 1230.8897379943082, 1266.5834904852068]","[165.9452, 95.1606, 91.5153, 94.5734, 116.2554, 99.176, 148.0196]",810.6455,1.0,1.0,1.0,0.15,AAAABB,6,76,"[12, 12, 12, 12, 12, 16]","[[-9.9489, 0.1865, -3.5414, -6.5724, -9.9418, -4.2169, 0.0859, -7.9024, -5.6607, -0.0159, -9.9336, -9.7454], [9.9434, 8.3619, 4.3235, 5.8752, 9.9441, 2.344, 9.9477, 9.7945, 5.7517, -1.1323, -0.034, 8.2822], [-1.3318, 8.5573, -2.1119, 7.5714, -4.135, 5.0026, -9.9466, 1.227, -5.6416, -1.7783, -9.9452, 7.7562], [1.9012, -7.8482, 1.1725, -8.7261, 9.9491, -1.3884, 4.22, -5.1029, 9.9491, -7.5423, 5.7287, 1.8443], [7.0696, -3.4032, 5.8232, -3.8067, -3.0327, -9.9319, -5.813, -4.9729, 3.3611, -9.949, -1.0954, -4.5467], [-4.7985, 5.6091, 1.1954, 6.3437, -3.2384, 9.9323, -2.2423, 0.7481, 6.7359, 7.586, 2.1984, -1.1509]]"
tpat_s3_S3_N6_wm1.0_wo1.0_tp10_eps0.0001_r19,Szenario_3_Final,1,abbruchkriterium,6,1261.045762300342,947.9789991831695,310.2822612419287,2.780676133803949,0.0038257414396464635,"[1, 2, 3, 4, 5, 6, 7]","[227908.4250353787, 2333.819766314995, 1526.4120019944894, 1433.2280347909505, 1297.4468769609473, 1261.045762300342, 1271.8323781832855]","[145.2803, 92.1121, 129.2599, 123.1249, 104.5573, 69.05, 68.0489]",731.4334,1.0,1.0,1.0,0.15,AAAABB,6,76,"[12, 12, 12, 12, 12, 16]","[[-9.9491, -1.1958, -9.9374, -9.9309, -9.9408, -6.1388, -5.2196, -6.685, -0.4751, -7.5889, -5.6792, 0.8397], [3.5182, 9.9357, 9.7436, 0.9345, 5.8406, -0.8914, -1.4312, 3.0365, 9.9319, 7.5177, 2.8707, 5.8829], [-5.7119, -2.6686, -9.9392, 8.7326, -5.6522, 1.2926, -9.9404, 7.3437, -2.4863, 7.1641, -9.9495, 0.5537], [5.8012, 0.7283, 5.8174, 2.891, 2.8232, -6.7005, 9.9334, -9.5495, 9.9479, -3.7099, 1.987, -7.8637], [6.1031, -3.7001, -4.8031, -9.9441, 6.7023, -9.9093, -5.8081, -3.9244, 1.0401, -9.9491, 0.506, -4.5151], [-1.5987, 9.9461, 3.1695, 9.9388, -1.8422, 0.3335, 1.1489, -1.0933, 4.032, 4.895, -5.1227, 5.9862]]"
tpat_s3_S3_N6_wm1.0_wo1.0_tp30_eps0.0001_r19,Szenario_3_Final,1,abbruchkriterium,3,1476.1835357187135,1313.3092688871993,155.10875760226577,7.7655092292484245,0.0,"[1, 2, 3, 4]","[126223.1586419326, 2322.931929717328, 1476.1835357187135, 1493.1001202361135]","[170.0454, 163.6487, 168.5726, 127.7908]",630.0575,1.0,1.0,1.0,0.15,AAAABB,6,76,"[28, 24, 24]","[[-3.1169, 9.8908, -5.489, 6.201, 2.8116, 9.8894, 9.4734, 9.8447, 0.3648, 1.278, 6.913, 4.3058], [9.9476, 3.1466, 0.2004, -9.8001, 0.3651, -4.4741, 5.4311, 1.6527, 9.943, -4.7664, 4.6865, -9.9487], [-5.4056, 3.9501, -4.9124, -4.4862, 1.1356, -4.7486, -9.944, 3.8906, -9.9487, -4.4656, -3.6501, -9.9419]]"
tpat_s3_S3_N6_wm1.0_wo1.0_tp5_eps0.0001_r20,Szenario_3_Final,1,abbruchkriterium,7,1229.490413522278,894.3016902195322,332.7245543772614,2.463686978869032,0.0004819466153920338,"[1, 2, 3, 4, 5, 6, 7, 8]","[7106.2340277788635, 2306.0531052852375, 1544.6760683264938, 1478.7168632009161, 1317.7817399761861, 1271.3138664175951, 1229.490413522278, 1270.6939411496003]","[173.2164, 71.9643, 82.9266, 100.6318, 160.2324, 101.9586, 110.5795, 98.4853]",899.9949,1.0,1.0,1.0,0.15,AAAABB,6,76,"[12, 12, 8, 12, 8, 12, 12]","[[-5.9237, -0.1472, -5.9586, 2.3022, -4.7563, -6.1793, -9.9488, -2.5302, -9.9457, -9.336, -0.1656, -7.785], [9.9497, 2.1811, 5.8915, -0.1372, 4.8926, 6.0301, 5.9211, -2.3213, 0.8644, 7.478, 9.9498, 9.0659], [0.3686, 7.7205, 1.0905, 0.6169, 1.807, 3.8655, 3.0233, 6.3997, -3.1213, 6.536, -2.0575, 1.7413], [3.8625, -9.9365, 5.3147, -9.9412, 6.0675, -3.8044, -6.2193, -3.7116, 0.2683, -4.5082, -3.2523, -9.9444], [-2.2724, -1.2095, 6.2183, 8.5191, 0.1121, 9.9308, 7.5885, 7.7078, -6.7187, 7.3782, 2.2514, -1.2546], [5.7795, -0.4812, 5.2184, 4.6637, 9.8629, -9.8378, 9.934, 0.8398, 2.7014, -6.9814, 9.9487, -5.4065], [-5.7611, 0.8183, -9.9489, 0.2541, -5.802, -3.5372, -0.2225, 4.5088, -9.9492, 7.258, -2.2869, 7.4626]]"
tpat_s3_S3_N6_wm1.0_wo1.0_tp15_eps0.0001_r20,Szenario_3_Final,1,abbruchkriterium,6,1260.357005138419,950.5907725343775,306.5308453655941,3.2335549560212313,0.0018322824264765441,"[1, 2, 3, 4, 5, 6, 7]","[7995.0844779081835, 2612.2925183461693, 1625.332459579054, 1387.3827514028785, 1279.4061008639924, 1260.357005138419, 1261.6907601496775]","[65.9892, 112.1343, 86.8732, 163.7645, 96.276, 115.6735, 141.6157]",782.3264,1.0,1.0,1.0,0.15,AAAABB,6,76,"[12, 12, 12, 12, 12, 16]","[[-5.8457, 1.9244, -9.9492, -8.255, -9.8279, -1.7725, -9.8358, -9.66, -0.8582, -8.9981, -4.2647, -4.7748], [9.9496, 2.3124, 5.9097, -1.9832, 5.8729, -0.3454, 4.6805, 5.9831, 0.2641, 7.9795, 9.9461, 9.152], [-9.9437, 5.2835, 1.3907, 4.7905, -9.926, 9.3109, -9.9499, 0.3778, -5.6582, -1.5259, -2.8838, 6.6923], [9.9489, -7.3709, -0.5426, -4.9098, 9.9496, -9.937, 5.6298, 1.0858, 3.0818, -6.566, 9.9467, -0.7274], [6.5243, -3.6025, -0.117, -4.6282, 4.433, -4.7013, 4.478, -9.9427, -1.6441, -9.9497, -5.8297, -3.8973], [6.0902, 7.0685, 1.8537, 8.3267, -2.9199, 6.9258, -6.4973, 7.1082, -2.3618, -0.8446, 2.3881, 0.7865]]"
tpat_s3_S3_N6_wm1.0_wo1.0_tp40_eps0.0001_r20,Szenario_3_Final,1,abbruchkriterium,7,1238.6019348337347,903.9498647503269,331.6918733207335,2.9538786457240165,0.006318116950245195,"[1, 2, 3, 4, 5, 6, 7, 8]","[86045.49418709653, 2538.213466621397, 1488.277302777497, 1452.1044593880713, 1270.0562738005265, 1253.7190415756854, 1238.6019348337347, 1305.7522139368498]","[73.231, 114.7764, 128.3219, 114.5054, 103.0861, 129.7235, 81.17, 75.2848]",820.0991,1.0,1.0,1.0,0.15,AAAABB,6,76,"[12, 12, 8, 12, 8, 12, 12]","[[-5.9008, 2.4059, -9.9495, -2.4001, -5.8385, -0.3031, -4.8161, -6.1472, -9.9495, -9.3595, 0.534, -8.2811], [5.8496, 0.0989, -0.4794, 8.5282, 7.8485, -2.137, 9.9453, 3.2522, 2.4678, 6.1804, 9.9458, 9.4139], [1.9739, 7.6409, -2.1753, 7.7547, -1.1222, 1.1361, 0.9196, 0.9161, 2.752, 4.8248, -3.103, 4.9657], [-3.7253, -4.6792, -5.8595, -3.808, 7.5216, -3.2133, 5.5761, -9.9175, 2.8093, -4.5261, -1.2012, -9.9492], [-2.2593, -1.25, 0.2041, 9.9465, -6.9956, 7.504, -5.9953, 6.6121, 2.2516, -1.2535, 6.8815, 8.0019], [9.9438, -1.2592, 2.1046, -7.5046, 3.8099, -5.5006, 3.381, -8.8766, 9.9452, -7.1405, 5.6317, 1.4798], [-5.8982, 3.6172, -9.9379, 0.4628, -5.7297, -1.7622, 0.3418, 4.5378, -9.9487, 8.4756, -0.9807, 9.071]]"
tpat_s3_S3_N6_wm1.0_wo1.0_tp30_eps0.0001_r21,Szenario_3_Final,1,abbruchkriterium,6,1238.4003071887194,931.4025853262428,304.7880688937607,2.2054568107340895,0.004196157981796815,"[1, 2, 3, 4, 5, 6, 7]","[135537.8380615146, 2337.487847404227, 1590.5948205333166, 1439.3198255299135, 1286.3238707635592, 1238.4003071887194, 1239.196945367901]","[151.6287, 93.8752, 161.3832, 80.5213, 75.9685, 74.9834, 95.088]",733.4483,1.0,1.0,1.0,0.15,AAAABB,6,76,"[12, 12, 12, 12, 12, 16]","[[-9.9349, -2.2138, -9.9467, -9.7928, -5.0351, -5.8393, -9.9347, -8.3611, -5.7897, 1.3155, 0.2133, -8.0866], [7.5034, -2.0776, 9.9461, 3.0517, 4.5054, 5.7618, 5.7461, -0.1501, 0.0678, 8.1791, 9.9466, 9.6631], [-2.2019, 7.4063, -3.602, 5.6091, -5.6474, 0.1363, -5.6294, -4.1796, -9.9453, 8.3303, -9.9494, 0.9027], [1.604, -8.1356, 9.9378, -1.4049, 5.7859, 2.8481, 5.7621, -0.279, 2.5884, -7.1643, 9.949, -7.4917], [3.4997, -9.9433, 3.3433, -4.7325, -1.1439, -4.6265, -1.6953, -9.9492, -5.9337, -3.9088, 7.8435, -3.1976], [2.5098, 6.054, 0.0773, 9.9425, -2.1973, 0.3563, 6.6498, 7.5525, 2.1611, -0.9315, -5.2331, 6.0765]]"
tpat_s3_S3_N6_wm1.0_wo1.0_tp5_eps0.0001_r22,Szenario_3_Final,1,abbruchkriterium,6,1252.099771356251,944.1894378204029,303.76041490191994,3.950616321468565,0.19930231245978608,"[1, 2, 3, 4, 5, 6, 7]","[126248.81138114043, 2212.1145808628507, 1510.03800836258, 1407.9667436231398, 1274.443002629963, 1252.099771356251, 1276.6337239428692]","[226.8369, 171.0597, 167.5337, 175.9371, 83.2099, 110.7581, 93.1339]",1028.4693,1.0,1.0,1.0,0.15,AAAABB,6,76,"[12, 12, 12, 12, 12, 16]","[[-5.9696, 2.1794, -9.9467, -2.6206, -5.7922, 0.0857, -4.916, -6.0578, 0.1395, -7.9849, -9.9471, -9.4625], [5.6551, -0.82, -0.5587, 3.2305, 9.0141, 9.4817, 8.1562, 9.7482, 9.9323, 1.8334, 2.467, 6.4352], [1.5898, 5.5587, -9.9395, 0.4141, -3.6718, 5.957, -1.2587, 8.7865, -9.9487, 7.4153, -5.6236, -1.1825], [9.9488, -9.9453, 5.6395, -0.9674, 9.9463, 0.3944, 5.7463, 2.3243, 9.9482, -5.812, 2.3126, -7.467], [-4.5031, -9.9405, 6.7685, -9.9308, 7.5155, -3.2178, -4.1656, -4.6764, 1.4053, -4.5031, 1.6941, -9.9484], [-3.4151, 8.7594, 1.8185, 5.9428, -2.2359, 1.3487, -5.6194, 6.4438, 6.0033, 8.8733, 2.257, -1.2195]]"
tpat_s3_S3_N6_wm1.0_wo1.0_tp30_eps0.0001_r22,Szenario_3_Final,1,abbruchkriterium,6,1232.2472670368331,926.8721874639575,302.21895640602634,3.018223180134508,0.1378999867150036,"[1, 2, 3, 4, 5, 6, 7]","[8218.307940434952, 2544.082318959053, 1570.0357936048172, 1362.5676867696327, 1323.1463153010109, 1232.2472670368331, 1262.8986924786914]","[146.5169, 152.586, 126.9891, 116.4541, 179.4268, 136.1467, 167.7567]",1025.8763,1.0,1.0,1.0,0.15,AAAABB,6,76,"[12, 12, 12, 12, 12, 16]","[[-5.8996, 2.4515, -5.8887, -0.055, -9.9488, -2.4104, -4.9351, -6.0273, 0.1393, -7.9813, -9.9497, -9.3772], [2.9319, 6.4819, 1.6242, 6.839, 5.7315, 0.7228, 5.8344, -3.1024, 9.9482, 2.3661, 9.7715, 9.7899], [-5.8261, 0.1104, -1.617, 8.2156, -9.949, 1.1663, -5.7834, -2.9894, -9.9461, 7.669, -2.6814, 6.962], [9.9272, -9.9267, 9.9466, 1.1227, 2.3742, -7.315, 3.0047, -6.5293, 5.607, 0.6519, 9.9499, -5.1439], [7.8021, -3.1026, 4.7348, -9.9487, -4.3255, -4.6727, 5.9401, -9.9475, 1.2568, -4.5128, -2.5538, -9.9476], [-1.5452, 0.2561, 6.5772, 6.9028, 2.0003, -1.0344, 2.9146, 4.7124, 0.3398, 9.9481, -5.1307, 5.98]]"
tpat_s3_S3_N6_wm1.0_wo1.0_tp10_eps0.0001_r23,Szenario_3_Final,1,abbruchkriterium,5,1237.0580377048746,983.4422409617214,249.94914910324553,3.6666476399078807,0.0,"[1, 2, 3, 4, 5, 6]","[516396.9410926187, 2393.8200860904117, 1450.081423450243, 1363.7378534701752, 1237.0580377048746, 1283.383751509748]","[146.3853, 132.3648, 99.557, 98.9051, 108.6598, 97.2104]",683.0824,1.0,1.0,1.0,0.15,AAAABB,6,76,"[14, 16, 16, 18, 12]","[[2.9686, 8.4508, 4.7541, 4.7427, 5.6098, -3.8374, 2.3117, 6.2345, 9.8786, 7.905, 9.9373, -0.304], [-2.2769, 0.8965, 1.0681, 6.2363, -3.0977, 9.9494, -5.1937, 5.9014, 2.1548, -1.1511, 6.7115, 7.6815], [-5.7481, -3.5783, -0.0658, -4.6523, -5.7584, 1.5972, -9.949, -1.5233, -9.9423, -9.5967, -0.8063, -9.8401], [-2.2058, -9.9355, 6.5014, -1.6008, 9.9078, -1.2068, 9.6669, -6.2856, 5.981, -9.9483, 0.3131, -4.5342], [-5.7118, -2.7549, -5.6749, 1.2846, -9.9395, 3.6859, -9.945, -0.5179, -2.4803, 7.1645, -9.9461, 8.829]]"
tpat_s3_S3_N6_wm1.0_wo1.0_tp15_eps0.0001_r01,Szenario_3_Final,1,abbruchkriterium,7,1234.3309511023979,892.7635557823648,338.3229493595589,3.2103039863025384,0.034141974171517105,"[1, 2, 3, 4, 5, 6, 7, 8]","[96757.33069955253, 2250.478437148593, 1478.2620888443166, 1437.9982825226812, 1266.0917366476544, 1254.010074141861, 1234.3309511023979, 1281.5754161524014]","[86.0082, 176.2608, 161.9432, 166.2869, 138.0194, 200.3736, 179.596, 215.6132]",1324.1013,1.0,1.0,1.0,0.15,AAAABB,6,76,"[12, 12, 8, 12, 8, 12, 12]","[[-8.7721, -9.0915, -3.4466, -6.1595, -0.2237, -7.6139, -9.815, -9.941, -9.9486, -2.4398, -5.6722, 0.7736], [9.9497, 2.2622, 5.8779, -2.4834, 4.5773, 6.0391, 5.8557, 0.2495, -0.2354, 8.3785, 9.9475, 9.1236], [3.2506, 6.073, 1.0962, 0.8458, 0.9589, 3.809, -1.7509, 1.1046, -3.7052, 5.5685, -0.2908, 8.3011], [-2.7569, -9.944, 6.1047, -3.706, -5.8465, -3.8448, -4.1222, -9.9492, 0.3698, -4.4947, 4.5316, -9.9483], [5.7972, 6.2017, -0.4493, 9.9421, 6.248, 7.6644, 2.2443, -1.2468, -6.9958, 7.693, -2.2501, -1.2423], [9.811, -1.2435, 1.2042, -8.6159, 5.7361, 2.7095, 5.7639, -0.9715, 9.9492, -7.6293, 2.0788, -7.7686], [-5.7164, -2.7793, -5.7831, -1.2961, -4.0106, 5.1104, -9.9385, 1.3095, -9.9446, 7.6893, -2.1792, 7.5713]]"
tpat_s3_S3_N6_wm1.0_wo1.0_tp40_eps0.0001_r01,Szenario_3_Final,1,abbruchkriterium,6,1243.2330300724095,949.8405219635831,290.547819213032,2.844688895794655,0.0,"[1, 2, 3, 4, 5, 6, 7]","[8463.083608315992, 2353.623522350881, 1629.603096015966, 1362.4035401090912, 1278.9821436681311, 1243.2330300724095, 1256.1709967747267]","[175.2444, 140.9817, 86.5306, 229.8364, 87.1283, 85.8835, 93.9904]",899.5953,1.0,1.0,1.0,0.15,AAAABB,6,76,"[12, 12, 12, 12, 12, 16]","[[-4.7739, -6.1382, -5.9332, 2.2998, -5.8553, -0.2308, -9.9483, -2.4446, 0.5367, -8.2805, -9.9494, -9.3501], [6.9822, 6.5353, 9.9496, 9.809, 9.9494, 2.3183, -0.4362, 3.2282, 0.8726, 7.5052, 5.7145, -1.396], [-1.7108, 8.023, -3.8239, 5.4414, -8.7058, 9.2296, 1.3358, 4.6299, -5.6512, -2.3622, -9.949, 2.6249], [4.4793, -6.0009, 9.9494, -2.7071, 9.949, -7.561, 5.7091, -0.0222, 1.4776, -8.465, 5.6681, 3.3987], [4.9336, -9.9243, -3.0534, -4.6426, -5.9539, -3.8049, 1.3665, -4.571, 6.7905, -3.6144, -1.1163, -9.9489], [-3.9989, 4.9001, 1.9413, 4.7939, -2.12, -0.2984, 2.083, -0.9483, -3.455, 9.9493, 6.4255, 8.1687]]"
tpat_s3_S3_N6_wm1.0_wo1.0_tp5_eps0.0001_r02,Szenario_3_Final,1,abbruchkriterium,6,1267.7321866606096,969.3021523765037,294.81701389871444,3.6130203853914016,0.0,"[1, 2, 3, 4, 5, 6, 7]","[993624.3607566631, 2571.7290023601618, 1485.237198504099, 1412.467798177955, 1276.8041095761737, 1267.7321866606096, 1268.5632325000427]","[17.9319, 156.6937, 85.634, 189.195, 104.1884, 99.3167, 154.1518]",807.1115,1.0,1.0,1.0,0.15,AAAABB,6,76,"[12, 12, 12, 12, 12, 16]","[[-9.9486, 0.3711, -0.608, -7.3339, -9.9318, -3.9178, -3.4608, -6.7004, -5.6546, 0.0652, -9.9473, -9.5349], [9.9466, 2.7161, 0.8134, 7.4127, -1.412, 3.0391, 9.9473, 6.5966, 4.5916, 8.644, 5.6345, -0.8085], [-9.936, 6.6779, -6.0771, 7.1298, -9.9466, 0.4662, -1.7243, 8.0255, -5.563, -1.3491, 1.1869, 4.7025], [9.949, 1.9977, 3.034, -6.5726, 0.298, -6.881, 9.9483, -2.2447, 5.5466, -0.0748, 9.9417, -8.3533], [0.5644, -4.6677, -5.8901, -3.8055, -3.4339, -4.7588, -3.1763, -9.9465, 5.8599, -3.8965, 3.0937, -9.9473], [1.1904, 0.3245, -3.6836, 4.8103, -2.0338, -1.0132, -6.0957, 6.7054, -0.3185, 9.9497, 4.8308, 5.601]]"
tpat_s3_S3_N6_wm1.0_wo1.0_tp20_eps0.0001_r02,Szenario_3_Final,1,abbruchkriterium,6,1251.120122902089,945.3810174856033,302.4883484592582,3.2507569572275004,0.0,"[1, 2, 3, 4, 5, 6, 7]","[237997.33805415567, 2540.5053429596555, 1478.4984547458223, 1397.9041329333068, 1286.3376650075286, 1251.120122902089, 1285.3710083136498]","[121.1964, 97.001, 91.021, 84.2549, 178.4425, 154.6534, 138.7576]",865.3268,1.0,1.0,1.0,0.15,AAAABB,6,76,"[12, 12, 12, 12, 12, 16]","[[-0.6014, -7.3007, -5.6821, 0.8673, -3.0148, -9.0028, -4.0123, -4.8026, -9.9473, -9.681, -9.9432, -1.9269], [9.9496, 8.227, 9.9269, 2.1502, 9.9212, 9.876, 4.708, 5.8866, 0.1663, 8.0882, 5.7294, -1.1729], [-5.6764, -1.361, -9.9454, 0.4908, -1.3677, 9.8394, -4.1611, 5.0076, -9.9455, 8.0631, -0.7203, 4.5549], [1.1128, -8.7075, 3.8615, -5.5109, 9.9458, -1.5471, 2.2078, -7.4533, 5.732, 1.6804, 9.9481, -7.5869], [6.7415, -3.5038, -0.3405, -4.5452, -2.9989, -9.9275, 4.3738, -4.6605, -5.6785, -4.0004, 2.6408, -9.9484], [2.8388, 6.7858, 6.7826, 7.0063, -4.3931, 5.2019, 2.2295, 1.5613, -3.8357, 9.7553, -2.2506, -1.2489]]"
tpat_s3_S3_N6_wm1.0_wo1.0_tp5_eps0.0001_r03,Szenario_3_Final,1,abbruchkriterium,6,1240.0078821726524,933.5955392046881,302.71979565010184,3.692547317862517,0.0,"[1, 2, 3, 4, 5, 6, 7]","[507391.93242055055, 2428.6187366943514, 1411.5024128243738, 1401.439251684443, 1246.4403232107813, 1240.0078821726524, 1271.0111603789412]","[105.5874, 98.7923, 140.7896, 78.1961, 81.3716, 89.9264, 153.6644]",748.3278,1.0,1.0,1.0,0.15,AAAABB,6,76,"[12, 12, 12, 12, 12, 16]","[[-6.0823, 0.001, -4.8367, -6.0891, -9.9461, -2.5251, -5.8693, 1.871, -9.9487, -9.4013, -0.0608, -7.8825], [9.942, 0.0209, 9.9443, 9.9411, 5.8413, -2.4234, 5.8707, 2.2822, 1.4003, 7.2197, 9.9476, 7.3671], [0.8938, 4.6126, -9.9497, 8.9727, -9.9382, 5.2084, -9.95, 0.1265, -2.661, 7.068, -5.6401, -1.1771], [5.6544, 2.5636, 5.663, -3.1726, -0.6524, -4.7046, 2.6005, -6.9042, 9.9028, -8.8828, 9.9477, -0.2632], [3.0088, -4.6492, -4.4041, -9.9361, -1.9667, -9.9298, 6.4588, -3.6003, 4.2503, -9.9494, -3.0752, -4.5173], [4.1, 4.8276, -2.1575, -1.0973, -2.0353, 4.4204, 2.1197, -0.328, -6.1551, 8.186, 3.3306, 9.9481]]"
tpat_s3_S3_N6_wm1.0_wo1.0_tp20_eps0.0001_r03,Szenario_3_Final,1,abbruchkriterium,7,1267.3882576750466,930.8252254712847,333.7094345713037,2.82481217247233,0.028785459985913937,"[1, 2, 3, 4, 5, 6, 7, 8]","[761778.7515854767, 2348.548856981365, 1517.3725669415371, 1427.8880923508127, 1294.637397314674, 1277.9999625295825, 1267.3882576750466, 1313.2822255148783]","[158.9437, 174.9979, 149.1249, 135.8871, 133.0478, 117.9464, 139.1694, 206.8223]",1215.9395,1.0,1.0,1.0,0.15,AAAABB,6,76,"[12, 12, 8, 12, 8, 12, 12]","[[-9.9479, -1.8133, -9.948, -6.3232, -8.6944, -9.9396, 1.5213, -4.9577, -2.3565, -6.8649, -5.7204, 0.8965], [5.1321, 5.1031, -0.0708, 8.21, 0.8124, 7.4041, 5.682, -1.178, 9.949, 1.4467, 9.9362, 9.9088], [-0.9195, 0.5513, 3.3516, 6.3249, -3.4853, 6.3454, -2.0014, 3.547, 2.0559, 2.24, 0.0487, 7.6489], [-2.8431, -4.6508, -2.7865, -9.9453, 1.3298, -4.6558, -5.796, -4.1725, 3.4179, -9.9495, 6.5926, -3.7083], [-7.0463, 7.6004, -2.1477, -1.1588, 4.3652, 9.9492, 1.1191, -1.1279, 6.8281, 7.1927, -5.2716, 9.9469], [9.9382, 1.948, 5.5711, 0.6723, 7.2933, -9.9434, 3.6094, -5.8098, 9.9468, -4.8019, -0.4826, -4.8659], [-9.9368, 1.0133, -5.8032, -2.8256, -5.74, 0.3248, -3.4359, 5.9127, -1.8846, 7.9875, -9.9431, 7.8945]]"
tpat_s3_S3_N6_wm1.0_wo1.0_tp5_eps0.0001_r04,Szenario_3_Final,1,abbruchkriterium,6,1250.7021412647905,942.7035426283145,304.70174930757577,3.296849328900504,0.0,"[1, 2, 3, 4, 5, 6, 7]","[137962.35575086664, 2309.336797563999, 1504.629149337429, 1411.1976065512574, 1351.7737946277357, 1250.7021412647905, 1251.1135799529252]","[86.654, 215.1286, 156.9218, 122.2243, 98.0671, 102.3359, 95.697]",877.0287,1.0,1.0,1.0,0.15,AAAABB,6,76,"[12, 12, 12, 12, 12, 16]","[[-5.0195, -6.179, -9.9446, -9.8574, -9.9472, -8.2517, -9.943, -2.1676, 0.1285, -7.9916, -5.7703, 1.0641], [4.5751, 5.7373, 9.9411, 9.7735, 9.9422, 8.2543, 9.9368, 2.3112, 5.7846, -1.1945, -0.0268, 8.278], [0.7403, 0.9127, -9.9494, 0.8139, -5.709, -1.4802, -4.3206, 4.8041, -9.9496, 7.9399, -0.8029, 9.3953], [5.789, 3.37, 5.7061, -1.0045, 1.6091, -4.7638, 9.9484, -0.6861, 9.95, -7.3949, 1.6972, -8.1775], [6.1133, -3.7002, 4.9715, -9.9485, 3.9246, -4.6692, -6.5932, -6.2078, -2.1558, -4.5048, -0.8151, -9.9496], [1.103, 6.2388, -5.1979, 5.9004, -2.2522, 0.8683, -3.0763, 9.9488, 6.7364, 7.6472, 2.1674, -1.1513]]"
tpat_s3_S3_N6_wm1.0_wo1.0_tp20_eps0.0001_r04,Szenario_3_Final,1,abbruchkriterium,7,1243.439017664769,897.3828764217708,342.8257288163868,3.2302680054616406,0.00014442114994072506,"[1, 2, 3, 4, 5, 6, 7, 8]","[107647.89668529667, 2828.3595961579463, 1508.0656433224117, 1424.617350491225, 1262.1194428889803, 1257.5567114838245, 1243.439017664769, 1279.1026662326785]","[101.609, 89.2001, 78.6126, 71.3214, 73.7177, 71.2462, 68.8537, 69.6106]",624.1713,1.0,1.0,1.0,0.15,AAAABB,6,76,"[12, 12, 8, 12, 8, 12, 12]","[[-5.9976, 2.6063, -9.9465, -3.0431, -6.7458, -0.6194, 0.6102, -8.3931, -2.4478, -6.2226, -9.9187, -9.3429], [5.7826, 2.4445, -0.6117, 3.2008, 5.82, -2.5839, 9.9477, 1.0614, 9.9483, 8.2554, 1.8007, 8.0477], [0.8351, 0.5202, 3.2456, 6.2203, -3.5845, 6.4158, 1.9875, 3.4879, -0.2195, 7.6397, -2.0823, 2.2905], [6.1609, -3.7135, 2.9681, -4.6509, -3.8555, -9.9394, -1.6286, -9.9381, 4.846, -9.9462, -3.172, -4.5532], [6.4521, 8.7382, -2.2636, -1.2494, 0.2451, 9.9487, 7.2512, 7.5003, 2.2487, -1.2575, -6.8046, 7.4766], [5.8106, -0.4981, 5.7798, 2.8431, 9.9435, -1.3235, 0.9072, -9.0244, 2.6834, -6.9643, 9.9468, -7.6257], [-9.946, 0.8486, -4.0744, 5.1164, -9.921, 8.7385, -9.9416, 6.157, -5.5601, -1.819, -1.7083, 8.3393]]"
tpat_s3_S3_N6_wm1.0_wo1.0_tp40_eps0.0001_r04,Szenario_3_Final,1,abbruchkriterium,6,1233.430160940159,918.9642662601635,312.1588058824783,2.307088797517231,0.0,"[1, 2, 3, 4, 5, 6, 7]","[89896.34810956889, 2313.0893439030906, 1519.168454799963, 1405.5556653662684, 1274.316447836529, 1233.430160940159, 1258.6768621858894]","[92.7142, 87.7453, 110.9413, 106.0653, 82.919, 186.7726, 134.4486]",801.6063,1.0,1.0,1.0,0.15,AAAABB,6,76,"[12, 12, 12, 12, 12, 16]","[[-4.8179, -5.9335, -9.8551, -9.9475, -9.9425, -8.4257, -9.9265, -2.4385, -5.7746, 1.1238, 0.1295, -7.9991], [9.2971, 9.9283, 9.9167, 2.193, 9.9458, 7.5704, 4.6397, 5.4151, 0.7916, 7.5901, 5.772, -1.4385], [-2.114, 7.5004, -3.63, 5.6019, -9.9469, 4.8717, -5.5816, -0.3059, -9.9493, 9.5516, -9.9473, -0.7928], [4.0246, -5.317, 5.7834, 2.7261, 5.8284, 0.2691, 9.9493, -1.4138, 1.196, -8.7779, 9.949, -7.7687], [-6.9384, -3.5057, -3.5726, -4.641, 5.1144, -9.9353, 1.1263, -4.6757, 6.1423, -3.799, -1.1466, -9.9444], [3.5917, 9.9462, 0.6744, 6.5139, -2.2414, 0.398, 5.6995, 6.1035, 2.067, -1.0547, -5.7819, 6.7739]]"
tpat_s3_S3_N6_wm1.0_wo1.0_tp20_eps0.0001_r05,Szenario_3_Final,1,abbruchkriterium,6,1235.2784438530252,943.2244340156112,289.2455286586753,2.7918629790163636,0.016618199722355995,"[1, 2, 3, 4, 5, 6, 7]","[5867.36717973639, 2397.32992710647, 1549.5575100374726, 1433.8629400179484, 1307.784370129816, 1235.2784438530252, 1266.1310948560638]","[141.0775, 135.1253, 92.7979, 71.2112, 69.6344, 182.5148, 126.072]",818.4331,1.0,1.0,1.0,0.15,AAAABB,6,76,"[12, 12, 12, 12, 12, 16]","[[-0.6836, -9.6181, -5.8134, 0.5047, -9.9203, 0.5219, -9.8792, -4.0652, -3.061, -5.5829, -9.9422, -9.9412], [0.4672, 3.534, -0.0725, 8.2049, 5.6745, -0.4789, 4.6204, 6.1977, 9.9437, 9.9414, 9.9493, 1.4533], [-9.9486, 0.1622, 0.0974, 4.5011, -5.7504, 1.0282, -5.7557, -3.168, -2.1028, 7.7627, -9.9495, 7.2725], [9.828, -9.9362, 8.4795, 1.3437, 5.684, 0.7218, 2.1041, -7.5761, 9.9478, -4.8533, 2.9778, -6.6675], [-1.2711, -4.6419, -5.889, -3.8813, -2.9253, -9.9479, 0.1738, -4.5521, 3.8322, -9.9428, 5.906, -3.9034], [-2.1504, -1.1499, 2.1517, -1.1488, 0.1451, 3.233, -0.5189, 9.9494, -5.79, 6.7609, 5.4315, 7.2223]]"
tpat_s3_S3_N6_wm1.0_wo1.0_tp40_eps0.0001_r05,Szenario_3_Final,1,abbruchkriterium,7,1248.7508360152563,909.855165983498,335.0092025590909,3.842608233257761,0.04385923940949938,"[1, 2, 3, 4, 5, 6, 7, 8]","[112856.11617206299, 2292.770264481753, 1526.4697060132717, 1351.4710628069379, 1269.7554781415777, 1252.657846967682, 1248.7508360152563, 1267.4026099324933]","[91.5885, 94.3567, 106.9762, 94.8509, 90.0402, 86.7348, 93.7135, 165.7372]",823.998,1.0,1.0,1.0,0.15,AAAABB,6,76,"[12, 12, 8, 12, 8, 12, 12]","[[-5.7049, -1.8639, -0.2034, -7.6046, -5.7657, 2.4917, -3.3811, -6.6391, -9.8432, -9.4217, -9.9482, -1.7504], [9.9496, 2.7894, 1.2565, 3.6018, 5.7317, 0.7624, 8.3875, -2.4349, 1.7894, 7.3526, 9.9497, 8.897], [-0.0571, 0.3552, -0.6826, 7.9003, -2.0032, 2.1796, 2.7465, 6.928, 2.0788, 3.3663, -3.2734, 5.9733], [-6.5375, -3.6026, -1.6659, -4.6377, -4.3639, -9.9441, 6.7585, -9.9451, 4.4719, -4.5222, 0.8314, -9.9484], [6.3958, 6.7002, -0.1749, 9.949, 2.259, -1.2484, 6.8405, 7.7515, -2.2516, -1.2485, -6.9541, 8.0314], [5.7762, 3.2903, 4.1051, -5.2209, 5.7613, 0.0234, 9.9494, -1.3673, 9.9488, -7.6129, 1.0922, -8.886], [0.3802, 5.3396, -2.8209, 6.6046, -9.9492, 0.0766, -2.0462, 9.8457, -5.5893, -0.4449, -9.9454, 6.98]]"
tpat_s3_S3_N6_wm1.0_wo1.0_tp20_eps0.0001_r06,Szenario_3_Final,1,abbruchkriterium,7,1235.359396500403,897.2814656449303,333.87383328164543,4.0215517758397095,0.18254579798746046,"[1, 2, 3, 4, 5, 6, 7, 8]","[145803.9392990931, 2346.713403300406, 1479.8798364970582, 1403.226684906127, 1334.6011857860242, 1242.0028642624256, 1235.359396500403, 1290.9843450138626]","[133.5446, 147.781, 147.6222, 148.8889, 123.4743, 120.0166, 187.2793, 116.5817]",1125.1886,1.0,1.0,1.0,0.15,AAAABB,6,76,"[12, 12, 8, 12, 8, 12, 12]","[[-9.944, -2.4354, 0.9482, -8.5049, -4.7922, -5.9721, -0.015, -7.8, -5.8041, 0.993, -9.9423, -9.3483], [5.8606, -2.4385, 4.6462, 6.0748, 9.9483, 2.1316, 5.8029, 0.1205, -0.2279, 8.3797, 9.9464, 9.0175], [-1.6346, 1.488, -1.4973, 8.1049, 1.853, 3.2823, 0.7609, 0.6178, 2.6679, 6.5975, -3.2359, 5.5997], [6.1405, -9.9429, -5.1899, -9.9445, 3.5262, -4.7076, 7.0219, -3.4063, 0.7342, -9.9494, -3.0015, -4.5069], [1.4282, -1.1223, -2.3187, -1.0773, 6.3944, 6.7359, 2.3476, -1.341, 3.2873, 9.9283, -6.7282, 7.3898], [-1.5486, -6.2459, 5.6007, 1.2344, 9.9454, -9.9472, 9.9104, -7.8839, 3.3871, -6.1662, 9.9459, -0.7519], [-8.9322, -0.867, -4.3234, 4.8183, -9.9352, 3.3607, -5.6398, -1.3301, -9.9301, 8.7563, -1.7868, 8.0769]]"
tpat_s3_S3_N6_wm1.0_wo1.0_tp5_eps0.0001_r07,Szenario_3_Final,1,abbruchkriterium,6,1265.3855645327521,959.422367525376,301.81849491650127,4.144702090874859,0.0,"[1, 2, 3, 4, 5, 6, 7]","[204288.23261774852, 2267.680628690329, 1495.5193566494604, 1424.7953220594825, 1314.8954509860941, 1265.3855645327521, 1278.718529555368]","[156.2677, 125.3597, 96.7636, 92.7345, 172.3135, 76.4156, 123.8005]",843.6551,1.0,1.0,1.0,0.15,AAAABB,6,76,"[12, 12, 12, 12, 12, 16]","[[-8.1612, -6.7578, -9.92, -9.9099, -1.3957, 2.3113, -9.9492, -1.824, -1.2848, -6.9953, -5.7144, 0.9011], [8.8142, -4.0274, 9.9353, 1.9932, 9.4966, 9.2426, 9.926, 7.4135, 5.6277, 0.7985, 1.5933, 7.0036], [-9.9434, 2.2792, -9.945, -2.4004, -0.2992, 5.8255, -2.8702, 6.816, -9.9248, 8.4818, -5.5472, -0.0131], [5.6634, 1.4982, 9.945, -0.8119, 5.7426, 4.0215, 5.8141, -3.4501, 9.9436, -7.3955, 2.1807, -7.5765], [-5.8305, -3.81, -2.8097, -9.9475, 5.9451, -4.0144, -4.6106, -9.9467, 0.3019, -4.51, 4.3657, -9.9496], [0.1132, 9.887, -2.6587, 6.054, 2.209, 0.7861, -6.4548, 7.9336, -2.151, -1.0973, 5.5813, 6.2541]]"
tpat_s3_S3_N6_wm1.0_wo1.0_tp20_eps0.0001_r07,Szenario_3_Final,1,abbruchkriterium,6,1238.6451965709252,930.9007132935506,305.1652235294559,2.5792597479188526,0.0,"[1, 2, 3, 4, 5, 6, 7]","[112948.28517114196, 2563.1169204409744, 1486.0379412574712, 1387.011043682151, 1285.726421135744, 1238.6451965709252, 1249.9737272545913]","[107.3915, 141.7041, 168.6718, 141.8334, 66.8738, 70.2053, 70.7707]",767.4506,1.0,1.0,1.0,0.15,AAAABB,6,76,"[12, 12, 12, 12, 12, 16]","[[-9.9446, 0.3654, 0.1947, -7.9027, -9.9399, -4.0101, -3.6238, -6.5337, -5.6326, -0.0613, -9.9462, -9.6252], [5.8754, -2.1044, 5.8419, -0.4796, 9.946, 2.3462, 4.7838, 5.8795, 0.1679, 8.0803, 9.9438, 9.0952], [-9.9064, 1.1223, -9.9492, 6.3899, -9.9499, 8.5382, -1.0155, 8.9216, -3.0897, 6.4689, -5.6716, -1.4979], [5.8184, 2.7189, 9.9341, -0.6369, 5.8871, -2.1927, -0.9457, -4.9126, 9.9468, -7.894, 1.5633, -8.4878], [4.9238, -9.9456, 7.0368, -3.4189, -5.9395, -3.8066, 4.1965, -4.8124, -1.8134, -4.5438, -1.6678, -9.9497], [1.1505, 6.2457, -2.2438, 0.8334, -5.0999, 5.8007, -3.1438, 9.9375, 2.1747, -1.1604, 6.7356, 7.6682]]"
tpat_s3_S3_N6_wm1.0_wo1.0_tp5_eps0.0001_r08,Szenario_3_Final,1,abbruchkriterium,3,1470.2054530425025,1321.076883796231,143.9280948759679,5.200474370303652,0.0,"[1, 2, 3, 4]","[319461.7634273159, 2345.384247664044, 1470.2054530425025, 1476.2184139268002]","[57.0353, 136.5864, 102.1322, 93.7593]",389.5132,1.0,1.0,1.0,0.15,AAAABB,6,76,"[28, 24, 24]","[[-1.8857, -1.1593, 8.525, 4.2321, 6.2791, 9.8905, -6.8068, 4.2347, 2.1795, 3.9013, -4.1994, 9.9385], [-1.9942, -4.5234, 9.9418, -4.4639, 9.9025, 0.9779, 4.7162, -4.9289, 5.1174, 4.4665, 3.1204, -9.9175], [-9.9316, 2.4839, -9.9477, -4.5655, 1.9194, -4.7034, -4.9054, -4.4983, -3.2989, -9.9386, -5.3001, 4.2733]]"
tpat_s3_S3_N6_wm1.0_wo1.0_tp10_eps0.0001_r08,Szenario_3_Final,1,abbruchkriterium,7,1251.08694211525,903.9974887923228,343.2032316264495,3.87932534953117,0.006896346946484798,"[1, 2, 3, 4, 5, 6, 7, 8]","[219304.5164670052, 2297.183215047744, 1550.0929678385883, 1428.2041128353221, 1279.6049171221703, 1264.5498981601197, 1251.08694211525, 1282.0972691329762]","[99.2734, 126.6157, 86.8724, 119.6389, 72.8403, 105.1931, 119.1431, 118.2891]",847.866,1.0,1.0,1.0,0.15,AAAABB,6,76,"[12, 12, 8, 12, 8, 12, 12]","[[-9.9486, -9.9095, 1.2487, -8.8058, -5.2368, -7.6025, -2.0, -6.3005, -5.6723, 1.1142, -9.9489, -3.568], [5.7704, 0.2011, 5.9812, -2.5381, 9.9458, 2.3212, 4.4109, 6.0365, 9.9393, 9.2668, -0.7793, 8.8793], [-3.4223, 6.2299, -1.8082, 3.7621, -1.0853, 0.5626, -1.0887, 7.7201, 2.7297, 6.5676, 2.0606, 1.8321], [5.4762, -9.9221, 3.9138, -9.942, -0.986, -9.9401, -4.873, -9.9009, -2.1425, -4.5121, 5.8401, -3.8974], [-6.7377, 7.3496, 6.3364, 6.724, 6.2685, 8.0561, 2.3005, -1.2482, -3.879, 9.9129, -2.3563, -1.3024], [9.9455, -6.0707, 9.9493, -0.9, 6.3253, 4.5082, 9.9482, -8.0111, 2.4793, -7.2655, 5.5956, -0.3396], [-3.886, 5.9081, -1.3044, 8.549, -9.9484, 0.4026, 1.3261, 4.6977, -9.9471, 7.3099, -5.6457, -1.3164]]"
tpat_s3_S3_N6_wm1.0_wo1.0_tp5_eps0.0001_r09,Szenario_3_Final,1,abbruchkriterium,5,1271.4107687301946,1016.4567635996764,252.3056941500907,2.648310980427672,0.0,"[1, 2, 3, 4, 5, 6]","[218015.93232904834, 2214.4350177035963, 1524.1110707829785, 1381.0383473996249, 1271.4107687301946, 1285.9708378575756]","[156.6299, 236.2298, 74.4403, 73.6284, 111.175, 79.1458]",731.2492,1.0,1.0,1.0,0.15,AAAABB,6,76,"[14, 16, 16, 18, 12]","[[5.5367, -1.4001, 0.2048, 7.9136, 9.9206, 8.9279, 5.7203, -5.3989, 9.9468, 1.7704, 3.9923, 6.3437], [-2.1819, 0.6686, 6.7829, 7.1654, 2.2787, 6.1376, 0.7309, 9.9493, -5.526, 6.3804, 2.0699, -1.1017], [0.725, -4.7822, -0.605, -7.6594, -9.936, -5.1894, -9.9104, 0.2926, -8.2728, -9.9422, -6.0678, -3.1795], [5.774, 0.879, 9.9441, -8.7991, 6.3189, -3.9898, 9.375, -1.6014, 2.4531, -9.9324, -1.1378, -4.5847], [-9.9462, 2.3477, -1.4117, 8.4154, -8.0081, -2.0962, -5.6711, -0.9964, -9.9461, 8.3461, -3.2894, 6.1748]]"
tpat_s3_S3_N6_wm1.0_wo1.0_tp20_eps0.0001_r09,Szenario_3_Final,1,abbruchkriterium,6,1229.796417030555,924.5177007402082,301.83031775584027,3.4390030748286415,0.009395459677724358,"[1, 2, 3, 4, 5, 6, 7]","[102814.23362135312, 2458.7637283956838, 1446.3924050448927, 1382.3037902017427, 1290.4250682140455, 1229.796417030555, 1262.1266839596656]","[73.7833, 83.3925, 133.6456, 163.6332, 80.4814, 102.4229, 230.7461]",868.105,1.0,1.0,1.0,0.15,AAAABB,6,76,"[12, 12, 12, 12, 12, 16]","[[-4.733, -6.086, -5.9817, 2.4782, -9.9458, -2.4074, -5.8135, -0.1892, -9.9487, -9.2577, 0.1274, -7.9833], [0.7138, 7.5062, 4.7833, 5.7281, 9.9392, 2.0416, -0.2954, 8.3558, 9.8774, 9.0042, 5.7718, -1.3542], [-5.688, 9.7212, -9.9458, 5.2936, -9.9475, 7.8356, -9.9464, 0.3858, -2.779, 6.8622, -5.56, -0.9383], [1.4004, -8.423, 5.7646, -3.6503, 2.3041, -7.3142, 9.9491, -0.831, 5.6659, 2.3467, 9.9493, -7.5555], [-6.1976, -4.5335, -2.8576, -9.9404, 4.076, -9.9396, 2.4122, -9.9142, 6.1503, -3.7981, -1.1525, -4.4881], [-1.8706, -0.4349, 1.572, -0.1182, 7.0604, 7.3582, 3.2612, 4.8318, -0.1269, 9.9494, -5.0304, 5.8752]]"
tpat_s3_S3_N6_wm1.0_wo1.0_tp5_eps0.0001_r10,Szenario_3_Final,1,abbruchkriterium,6,1223.9895417698376,922.4153316257712,298.15572505942833,3.3171044771281797,0.10138060750993892,"[1, 2, 3, 4, 5, 6, 7]","[5639.787750734859, 2517.009439061905, 1520.0256780813404, 1395.1738660957133, 1282.1214337273923, 1223.9895417698376, 1249.9351942373635]","[111.1887, 145.2412, 78.3975, 73.4784, 73.5688, 78.8882, 115.1139]",675.8767,1.0,1.0,1.0,0.15,AAAABB,6,76,"[12, 12, 12, 12, 12, 16]","[[-0.1154, -7.712, -9.9439, 0.1582, -3.4453, -6.6037, -9.9386, -4.3415, -5.635, 0.1096, -9.9472, -9.786], [5.6543, 0.5991, 3.1181, 5.7454, 9.9486, 5.5134, 1.0097, 7.3143, 9.9472, 9.9425, 9.934, -0.8441], [-1.7289, 8.0341, -4.0506, 5.1193, -9.8927, 0.63, -1.1169, 8.844, -5.6352, -1.3359, -9.9496, 7.4484], [5.616, -2.7258, 9.9483, -3.956, 5.7166, 2.0555, 9.9288, 0.6525, 1.3811, -8.5685, 9.9487, -9.0086], [-3.5825, -4.6883, 5.3034, -9.9479, 1.3656, -4.6183, -5.5934, -4.6757, -0.7713, -9.9474, 6.4437, -3.7048], [-2.1485, -1.1489, 2.1593, -1.1518, 0.1953, 3.2367, -0.6576, 9.9464, -5.8452, 6.7206, 5.4173, 7.307]]"
tpat_s3_S3_N6_wm1.0_wo1.0_tp10_eps0.0001_r10,Szenario_3_Final,1,abbruchkriterium,5,1293.8822790013694,1036.4790781583713,253.00721756187437,4.395983281123613,0.0,"[1, 2, 3, 4, 5, 6]","[14345.33506614333, 2399.8549183048335, 1466.0182971371441, 1408.6176595861211, 1293.8822790013694, 1303.7377108451694]","[98.7765, 91.6586, 71.7177, 161.3495, 121.6629, 90.7362]",635.9014,1.0,1.0,1.0,0.15,AAAABB,6,76,"[14, 16, 16, 18, 12]","[[0.7234, 3.5116, -3.4484, 4.8659, 5.5356, -2.5507, 9.9475, 8.9439, 9.948, 1.408, 3.4917, 7.4441], [-2.3327, 8.1416, 2.5974, 6.909, 6.3419, 7.4753, -6.3779, 7.003, -2.3955, 0.4547, 2.366, -0.5967], [-9.9312, -9.9413, 1.5625, -4.7077, -5.6286, 1.1616, -3.8238, -4.9027, -2.6668, -9.9443, -9.9426, -3.0334], [6.8061, -1.0441, 0.5909, -9.9326, 6.5631, -9.1906, 8.9551, -9.7248, 9.8802, -1.6998, 0.1749, -4.5867], [-9.947, 0.5972, -9.9479, 6.0647, -9.9372, 8.6478, -4.1227, 5.0164, -5.6377, -1.8345, -1.782, 8.0761]]"
tpat_s3_S3_N6_wm1.0_wo1.0_tp40_eps0.0001_r10,Szenario_3_Final,1,abbruchkriterium,6,1237.7563172961945,940.6078779209538,293.741868049953,3.381041854051283,0.025529471236557025,"[1, 2, 3, 4, 5, 6, 7]","[114186.00420078987, 2303.208045785698, 1456.5370875215344, 1416.491204671579, 1258.0108270769579, 1237.7563172961945, 1260.1224575319027]","[151.3932, 74.7245, 71.8787, 146.2985, 98.8002, 173.0837, 175.6489]",891.8277,1.0,1.0,1.0,0.15,AAAABB,6,76,"[12, 12, 12, 12, 12, 16]","[[-4.8355, -6.027, -9.9496, -2.3045, -5.9076, 2.2718, -5.8401, 0.0489, -0.0859, -7.8795, -9.9455, -9.1387], [-0.1679, 3.3331, 5.6861, -0.7249, 9.8945, 9.3638, 8.2816, 9.8244, 2.228, 6.5758, 9.9237, 1.8306], [-2.9154, 6.7399, -5.6031, -0.3342, -9.5334, -0.7991, -9.8502, 4.4539, -1.5825, 8.3626, -9.9331, 9.3804], [1.9087, -7.8954, 5.7178, -2.5067, 2.605, -6.9058, 9.9465, -0.627, 9.9485, -7.1254, 5.7307, 3.1772], [-5.2537, -4.7008, 7.2737, -8.3618, 6.4276, -3.6015, -4.0254, -9.9425, 0.3005, -4.4986, 1.9311, -9.9487], [0.1716, 3.1035, -0.701, 9.9365, 2.1903, -1.1185, -2.1553, -1.1557, -5.7503, 6.7027, 5.3716, 7.3275]]"
tpat_s3_S3_N6_wm1.0_wo1.0_tp15_eps0.0001_r11,Szenario_3_Final,1,abbruchkriterium,6,1242.0016923310568,930.0339743552717,309.4250362779592,2.542681697826152,0.0,"[1, 2, 3, 4, 5, 6, 7]","[226519.53998123689, 2474.72382870843, 1510.3040846374656, 1330.270927252187, 1275.5785579901242, 1242.0016923310568, 1311.5087092939063]","[101.9306, 104.7494, 162.8035, 130.2134, 98.0704, 104.3924, 111.8941]",814.0538,1.0,1.0,1.0,0.15,AAAABB,6,76,"[12, 12, 12, 12, 12, 16]","[[-9.9464, -7.9171, -9.9353, -2.6191, -9.9338, -9.7679, 0.5849, -8.2775, -5.9002, 1.1084, -2.7662, -6.3847], [3.3509, 6.4791, 0.5037, 7.7028, 9.9481, 4.1468, 9.9472, -0.1856, 5.6824, -0.1491, 9.9309, 9.7237], [-5.634, 1.6251, -3.1146, 6.3884, 0.35, 6.5045, -5.0041, -4.827, -9.9494, 8.0135, -9.9478, -0.3175], [5.657, -0.8523, 5.723, 3.0956, 9.9446, -7.3128, 9.9399, -9.1487, 2.8778, -6.7648, 9.9496, -1.0482], [-3.1958, -9.9471, 0.7811, -4.6468, -6.5143, -3.6026, -3.067, -4.7156, 6.4417, -3.7003, 3.3101, -9.9486], [2.256, 6.1602, 6.3598, 6.737, -2.2411, 0.7155, 0.7547, 9.9474, 2.1097, -1.1233, -5.4257, 6.2821]]"
tpat_s3_S3_N6_wm1.0_wo1.0_tp30_eps0.0001_r11,Szenario_3_Final,1,abbruchkriterium,6,1226.191375143183,917.534830978456,306.1612251943883,2.4167629834281374,0.0785559869108703,"[1, 2, 3, 4, 5, 6, 7]","[122163.85231671814, 2363.918123138903, 1499.9597486496086, 1396.6778313890616, 1274.8204390966932, 1226.191375143183, 1279.722399578994]","[69.8249, 65.3191, 66.1276, 66.0668, 66.4353, 66.5927, 67.1798]",467.5462,1.0,1.0,1.0,0.15,AAAABB,6,76,"[12, 12, 12, 12, 12, 16]","[[-9.5369, -9.1679, -9.9072, -8.1789, -4.7402, -5.9903, -9.9193, -2.2186, -5.7919, 1.21, -0.0038, -8.0029], [5.8524, -2.3506, 9.9461, 2.2414, 4.5749, 5.9618, 5.8078, 0.0299, -0.2351, 8.3774, 9.9498, 9.0407], [-9.9337, 8.9694, -9.9464, 1.31, -9.949, 6.6418, -3.907, 5.3191, -5.6494, -1.6291, -1.7797, 8.1039], [9.896, -1.1724, 3.7922, -5.7336, 2.6486, -6.9587, 0.7816, -9.2246, 9.9489, -7.565, 5.707, 1.4314], [4.4616, -4.7793, -0.0631, -4.619, 4.6739, -9.9486, 6.1075, -3.7004, -1.8576, -9.9471, -5.7283, -3.9969], [-2.7901, 9.9384, 0.1802, 5.6318, -2.3387, 0.2669, -5.5979, 6.3043, 5.9855, 7.5988, 2.2249, -1.1726]]"
tpat_s3_S3_N6_wm1.0_wo1.0_tp10_eps0.0001_r12,Szenario_3_Final,1,abbruchkriterium,5,1239.5175313999475,977.8095585734761,255.90964625519604,5.7983265712754175,0.0,"[1, 2, 3, 4, 5, 6]","[239919.42454239802, 2296.5490687824577, 1539.392394647522, 1477.1491535698165, 1239.5175313999475, 1242.0382719964311]","[204.1542, 229.0824, 103.8014, 157.7598, 72.3447, 124.9036]",892.0461,1.0,1.0,1.0,0.15,AAAABB,6,76,"[14, 16, 16, 18, 12]","[[5.5245, -3.4511, 5.5001, 0.5874, 9.9462, 8.5947, 9.9319, 6.1677, 9.9474, -0.1242, 3.5907, 7.2446], [2.2616, 0.8352, 3.1225, 9.9365, -0.9532, 6.3515, 5.1908, 5.7032, -2.1829, -1.1549, -6.6484, 7.5979], [-1.571, -4.6271, -5.6132, -1.1756, -0.002, -7.8183, -3.9956, -9.8969, -9.9466, -9.6862, -9.9479, -1.0493], [4.6832, -4.6594, -1.3441, -4.6367, 6.8452, -1.0156, 9.5813, -1.686, 1.1123, -9.928, 9.5898, -9.5821], [-9.9486, -0.9062, -5.6814, 1.2798, -5.665, -2.0476, -9.9496, 2.9027, -9.9473, 8.6465, -2.4788, 7.1752]]"
tpat_s3_S3_N6_wm1.0_wo1.0_tp30_eps0.0001_r12,Szenario_3_Final,1,abbruchkriterium,6,1254.8277366717823,936.0987621585257,314.67043672659736,3.9797946193694775,0.07874316729002853,"[1, 2, 3, 4, 5, 6, 7]","[6896.514430191492, 2294.0187831828384, 1558.4340410780087, 1359.3924459126958, 1316.7092659440768, 1254.8277366717823, 1256.6405757150033]","[112.1803, 99.4861, 160.9022, 100.3708, 173.8085, 171.1687, 86.5194]",904.436,1.0,1.0,1.0,0.15,AAAABB,6,76,"[12, 12, 12, 12, 12, 16]","[[-4.796, -5.9977, -9.947, -9.7731, -9.9429, -2.4486, -9.9494, -8.4717, -5.7899, 1.0673, 0.5251, -8.2833], [4.6544, 5.2236, 9.192, -1.318, 9.9432, 3.6476, 5.7232, -0.6889, 0.7647, 7.583, 9.9362, 9.9207], [-5.6118, 2.6212, -3.2198, 6.2086, -0.9145, 9.0674, -9.9489, 0.7825, -9.9488, 7.4787, -5.7524, -2.7227], [9.9483, -4.3472, 2.7006, -6.8412, 9.9449, -8.1111, 9.9232, -9.1883, 5.5081, -1.3566, 9.9465, 1.7836], [2.2628, -9.9453, 4.3784, -9.9409, -5.8183, -4.5341, -3.2367, -9.9475, -0.9049, -4.5255, 6.436, -3.6963], [6.4932, 6.8297, -2.2051, 0.546, 1.9184, 3.5397, 2.0866, -1.189, -5.9037, 6.6795, 1.2018, 9.9446]]"
tpat_s3_S3_N6_wm1.0_wo1.0_tp10_eps0.0001_r13,Szenario_3_Final,1,abbruchkriterium,6,1253.8999376336192,949.4440112815623,301.06058213938434,3.3924674150065157,0.0028767976659792496,"[1, 2, 3, 4, 5, 6, 7]","[241049.27458714388, 2298.142565876663, 1485.603179854732, 1400.4985328377045, 1263.009027500718, 1253.8999376336192, 1268.3529919399255]","[73.6886, 67.1082, 117.5575, 172.8333, 109.9316, 113.1792, 228.0786]",882.377,1.0,1.0,1.0,0.15,AAAABB,6,76,"[12, 12, 12, 12, 12, 16]","[[-9.893, -5.3225, -5.7207, -1.0351, -1.4061, -6.704, -2.6157, -6.0228, -9.9485, 1.0947, -9.9439, -9.9472], [9.9482, 2.3419, 5.8907, -2.4714, 5.8201, -0.0644, 4.633, 5.9004, 0.0733, 8.181, 9.9495, 9.1684], [1.3723, 4.6017, -4.007, 5.1025, -9.9496, 7.9565, -5.5632, -1.4825, -9.9417, 1.6463, -5.0872, 9.8747], [9.9428, -1.3649, 9.9209, -8.0709, 7.6269, -6.0155, -0.4964, -4.7419, 1.1917, -8.7666, 5.5886, 1.4419], [4.8591, -9.9083, 1.6912, -9.9387, -3.1082, -9.9418, -5.9241, -3.8728, 6.4475, -3.6965, -1.1085, -4.5689], [-6.499, 7.1024, -2.5911, 5.5985, -2.2764, -0.1778, -0.4565, 9.9448, 5.2694, 7.0889, 2.1735, -0.4131]]"
tpat_s3_S3_N6_wm1.0_wo1.0_tp30_eps0.0001_r13,Szenario_3_Final,1,abbruchkriterium,7,1237.4593962173244,908.1538162443064,324.94223197902244,4.3167616267233555,0.04658636727182881,"[1, 2, 3, 4, 5, 6, 7, 8]","[575286.0243451606, 2454.6951270483114, 1510.5964727035112, 1403.8252476594348, 1263.1899598788366, 1259.0226701602455, 1237.4593962173244, 1284.8612208067896]","[235.5721, 103.1769, 96.7103, 104.4868, 121.0963, 75.6009, 107.1293, 114.0124]",957.785,1.0,1.0,1.0,0.15,AAAABB,6,76,"[12, 12, 8, 12, 8, 12, 12]","[[-9.9472, -2.9255, -6.4625, -0.1829, -4.6615, -6.1003, -5.847, 2.2366, -9.9416, -9.8572, -0.1647, -7.7915], [5.9013, -0.4294, 5.8632, -2.1299, 9.9492, 2.3397, 4.7158, 5.9548, 0.1692, 8.0788, 9.9361, 9.0566], [0.4747, 0.5286, -1.6986, 1.566, 2.5363, 7.2511, -1.4964, 7.8899, 2.197, 4.0474, -3.3432, 5.4714], [-1.8076, -9.9491, -0.4354, -4.617, -3.0495, -9.9485, 4.0456, -9.9474, 4.8449, -4.5872, -6.939, -3.5999], [-2.3525, -1.3492, -3.7245, 9.7759, -6.7648, 7.3319, -2.2897, -0.1492, 2.3689, -1.3523, 5.9457, 8.1995], [5.7061, -3.1762, 1.0063, -8.8062, 2.7001, -6.8592, 9.9485, -0.9001, 5.7038, 2.6056, 9.9496, -7.3829], [-9.9439, -1.0556, 0.7117, 4.6765, -5.0085, 9.794, -3.0186, 6.4127, -5.5486, -0.7052, -9.9455, 5.5237]]"
tpat_s3_S3_N6_wm1.0_wo1.0_tp10_eps0.0001_r14,Szenario_3_Final,1,abbruchkriterium,5,1239.7102753771255,984.4771939082902,251.93452760792826,3.298553860906806,0.0,"[1, 2, 3, 4, 5, 6]","[161618.23858167024, 2523.6512578041384, 1544.2348319554637, 1346.3834240566807, 1239.7102753771255, 1258.4187622777497]","[79.3424, 98.845, 126.1554, 149.4598, 130.5808, 98.3519]",682.7353,1.0,1.0,1.0,0.15,AAAABB,6,76,"[14, 16, 16, 18, 12]","[[9.9469, 8.7347, 5.5631, -1.1789, 5.631, -4.6504, 4.6067, 4.9624, 9.948, 2.4143, 2.8931, 8.6702], [1.3589, 9.9055, -0.9182, 3.1189, 2.0793, -0.7417, -2.2351, -1.212, -5.2525, 7.9137, 5.5893, 6.3197], [1.1741, -4.7128, -1.1883, -9.9327, -5.6962, 0.4376, -3.404, -5.2024, -9.3428, -9.9465, -9.947, -1.6054], [9.0657, -5.2369, 9.9478, -1.2141, -0.9267, -9.9398, 6.9014, -0.9052, 6.776, -9.9467, 0.5231, -4.5419], [-9.9469, 9.13, -9.932, 6.5277, -9.9495, 1.1887, -4.105, 5.0378, -5.629, -1.6547, -1.0975, 8.9834]]"
tpat_s3_S3_N6_wm1.0_wo1.0_tp30_eps0.0001_r14,Szenario_3_Final,1,abbruchkriterium,7,1243.1787494677453,903.6097736168152,337.1362927267017,2.4326831242283595,0.0,"[1, 2, 3, 4, 5, 6, 7, 8]","[115842.36330304146, 2232.066767339943, 1529.8163589610579, 1353.5053926837234, 1264.0105362207537, 1249.6167604675386, 1243.1787494677453, 1278.0038274119659]","[134.6481, 74.3063, 82.1685, 90.9926, 104.1264, 101.4772, 104.1633, 100.9511]",792.8335,1.0,1.0,1.0,0.15,AAAABB,6,76,"[12, 12, 8, 12, 8, 12, 12]","[[0.1825, -7.9076, -9.9396, -3.5973, -9.9474, 0.5908, -3.7487, -6.5816, -9.9487, -9.5231, -5.6234, -0.147], [5.7321, -0.9223, -0.7522, 3.2792, 6.0407, 5.1388, 9.9449, 1.1917, 9.9473, 9.9108, -0.0351, 8.4363], [-3.3767, 6.4094, 1.3356, 0.9354, -1.376, 0.9974, -1.2841, 3.8655, 0.5395, 8.1752, 3.5163, 5.1193], [-3.3578, -4.8052, 0.4946, -4.6342, -3.299, -9.9498, -5.9424, -3.8076, 6.142, -3.7967, 3.128, -9.9496], [6.2931, 6.6365, 7.4585, 7.606, 0.0305, 9.9457, 2.268, -1.1979, -6.8674, 8.0232, -2.2468, -1.254], [1.015, -8.8138, 9.9437, -1.3946, 4.2182, -5.1079, 2.3672, -7.3298, 5.7465, 1.7515, 9.9439, -7.571], [-9.3515, -0.5175, -5.6515, -1.5657, -9.9278, 9.8921, -3.823, 5.4305, -2.2004, 7.5713, -9.9461, 5.6462]]"
tpat_s3_S3_N6_wm1.0_wo1.0_tp10_eps0.0001_r15,Szenario_3_Final,1,abbruchkriterium,6,1248.8881320462901,937.602054063738,307.86257902089744,3.4234989616547904,0.0,"[1, 2, 3, 4, 5, 6, 7]","[197124.50278547042, 2541.61125219199, 1450.6321827475658, 1412.0017448987714, 1257.8729739026057, 1248.8881320462901, 1297.4829931865934]","[109.0792, 89.2008, 143.7864, 178.4096, 121.0218, 131.0909, 112.3801]",884.9688,1.0,1.0,1.0,0.15,AAAABB,6,76,"[12, 12, 12, 12, 12, 16]","[[-7.3285, -0.161, 0.3304, -8.6256, -5.851, 2.3926, -8.2558, -9.9499, -2.561, -5.9803, -9.9496, -5.5759], [8.5186, -1.9574, 4.5965, 5.636, 9.9464, 3.0793, 5.7238, -0.2671, 0.6652, 7.6799, 9.9487, 9.6729], [-9.9495, 2.0855, -9.9372, 9.4941, -4.2407, 4.9416, -9.9227, 7.0208, -1.3126, 8.7688, -5.7295, -2.0311], [3.8172, -5.5053, 5.5815, 1.105, 1.746, -8.0249, -0.7491, -4.8584, 9.949, -8.8764, 9.941, -0.8498], [2.7348, -9.9488, 6.2566, -9.9459, -6.5175, -3.6009, -1.7652, -4.6457, -3.0338, -9.9492, 4.2269, -4.5227], [-5.0839, 5.8442, -2.2801, 1.1374, 4.8184, 6.3748, 6.9674, 7.502, 2.198, -0.2876, -1.1608, 9.3609]]"
tpat_s3_S3_N6_wm1.0_wo1.0_tp30_eps0.0001_r15,Szenario_3_Final,1,abbruchkriterium,5,1259.9727268939982,1008.9213017462107,247.62813327765494,3.358241341910189,0.06505052822236332,"[1, 2, 3, 4, 5, 6]","[219488.98973817044, 2377.301147921185, 1514.204498468443, 1414.079537246048, 1259.9727268939982, 1260.6283034956903]","[144.7602, 155.0857, 177.9569, 141.7428, 178.2979, 112.7516]",910.5951,1.0,1.0,1.0,0.15,AAAABB,6,76,"[14, 16, 16, 18, 12]","[[9.93, 6.082, 9.9215, -6.1312, 9.9493, 1.7884, -1.8983, 3.6112, 3.4424, 7.7594, 5.5025, -1.5167], [-6.1972, 6.803, -2.183, -1.2392, 2.1455, -0.0961, -1.9034, 3.4852, 5.6269, 6.181, -0.9888, 9.948], [-9.8557, -8.7724, -9.9321, -9.8546, -2.0887, -9.9495, -5.6297, 0.9624, -8.9052, -1.2232, -2.1622, -6.2804], [9.9187, -9.8094, 6.0987, -4.5195, 9.9448, -2.3681, 7.2005, -0.3041, -1.1431, -4.5683, 2.1771, -9.9494], [-3.7072, 5.5067, -9.9472, 1.298, -5.7706, -0.1454, -5.79, -3.0562, -9.9482, 7.753, -1.1918, 8.8633]]"
tpat_s3_S3_N6_wm1.0_wo1.0_tp15_eps0.0001_r16,Szenario_3_Final,1,abbruchkriterium,7,1229.2802013188195,887.045962198917,339.14213376757783,2.950322461491665,0.14178289083297899,"[1, 2, 3, 4, 5, 6, 7, 8]","[6455.193814680168, 2426.160068166545, 1483.0528854211068, 1368.1016579899556, 1276.9420536316343, 1241.3612767044535, 1229.2802013188195, 1281.0900996280052]","[88.3826, 67.3001, 73.3071, 136.8562, 90.2776, 104.1356, 113.6593, 123.8449]",797.7634,1.0,1.0,1.0,0.15,AAAABB,6,76,"[12, 12, 8, 12, 8, 12, 12]","[[-5.8564, -0.5406, -4.9163, -6.3312, -5.8512, 2.6176, -9.9423, -2.2502, -9.9491, -9.1723, -0.0931, -7.8799], [1.2028, 7.1058, 3.0978, 6.6729, 9.946, 3.7596, 9.9497, -0.6193, 5.6647, -0.342, 9.9473, 9.1087], [-3.3724, 6.2539, -1.8569, 3.7344, -1.0409, 0.5488, -1.0499, 7.7218, 2.7405, 6.5688, 2.0504, 1.8404], [1.1729, -4.6326, -2.8423, -9.9492, 4.8831, -9.9455, 1.6879, -9.9463, 6.4326, -3.6969, -4.1118, -4.5862], [-2.2752, -1.1201, 7.2355, 7.5324, 6.4406, 8.8459, 0.2564, 9.9431, 2.2516, -1.2509, -6.8921, 7.5761], [1.707, -8.075, 2.3027, -7.324, 9.9385, -1.3301, 3.9165, -5.4449, 5.7112, 1.4002, 9.9431, -7.5491], [-9.8893, 8.5848, -4.205, 4.9101, -9.9459, 1.2133, -9.9499, 6.7762, -5.6472, -1.941, -1.3792, 8.5696]]"
tpat_s3_S3_N6_wm1.0_wo1.0_tp5_eps0.0001_r17,Szenario_3_Final,1,abbruchkriterium,6,1243.1471894718272,952.2709455393433,287.92716405514915,2.9490798773347304,0.0,"[1, 2, 3, 4, 5, 6, 7]","[7999.217135448966, 4712.59750721993, 1585.3373311820208, 1447.6266217267103, 1282.1268673187012, 1243.1471894718272, 1291.8721078110298]","[98.4551, 66.7572, 115.6076, 91.0002, 74.095, 130.147, 127.8689]",703.931,1.0,1.0,1.0,0.15,AAAABB,6,76,"[12, 12, 12, 12, 12, 16]","[[-5.9849, 2.6465, 0.7913, -8.4005, -6.343, -0.6071, -9.9499, -2.7544, -2.5485, -6.4216, -9.9465, -9.1206], [-1.4733, 4.0704, 9.9495, 1.328, 3.7251, 6.0873, 1.4751, 9.2918, 9.95, 7.7672, 5.6725, -0.8365], [-4.7924, 6.0033, -9.424, 9.5187, 1.2718, 4.6704, -1.4121, 8.4085, -5.5995, -2.1036, -9.9494, 2.2401], [0.0459, -4.8873, 5.7393, 2.5222, 9.9407, 0.1558, 6.8043, -1.7296, 9.9436, -7.713, 2.2029, -7.5693], [-2.8846, -9.9495, -6.2165, -3.7085, 7.5364, -3.2211, -3.0365, -4.8815, 3.4789, -9.9498, 2.9057, -4.5113], [3.0898, 9.9492, 2.238, 0.7808, 5.0999, 5.6006, -0.917, 6.3916, -2.1857, -1.1491, -6.6016, 7.4987]]"
tpat_s3_S3_N6_wm1.0_wo1.0_tp5_eps0.0001_r18,Szenario_3_Final,1,abbruchkriterium,6,1222.1710607335103,925.0669929642007,294.24088705002566,2.855778994042376,0.00740172524150752,"[1, 2, 3, 4, 5, 6, 7]","[100932.50740451961, 2301.8463573392505, 1525.317422691092, 1414.6551102884036, 1289.57954285905, 1222.1710607335103, 1274.068675079077]","[115.1015, 71.3718, 71.7756, 110.9361, 92.6064, 94.7681, 107.2518]",663.8113,1.0,1.0,1.0,0.15,AAAABB,6,76,"[12, 12, 12, 12, 12, 16]","[[-5.8561, 2.1215, -9.9393, -2.433, -5.9378, 0.7955, -4.8833, -5.7914, -9.9408, -9.3774, -0.0635, -7.899], [9.9499, 2.1581, 4.8387, 6.0477, 5.9067, -2.0375, 5.765, -0.1023, 9.9486, 9.1965, 0.2673, 7.9925], [-5.6358, -1.7262, -2.4814, 7.1206, -4.2041, 4.9223, -1.4688, 8.5967, -9.9396, 9.0449, -9.9294, 1.1438], [8.9084, -3.0168, 5.5675, 1.0953, 9.7803, 0.3736, -2.1837, -5.4348, 3.02, -6.684, 9.9426, -9.4578], [-0.1888, -4.5872, -0.6679, -9.9488, -3.9699, -9.9317, -3.974, -4.6714, 5.0474, -9.9485, 6.1379, -3.7966], [-4.0905, 5.0144, 2.0477, 4.8054, 2.15, -0.7966, -2.0925, -0.19, -3.7125, 9.9371, 6.2501, 8.5095]]"
tpat_s3_S3_N6_wm1.0_wo1.0_tp15_eps0.0001_r18,Szenario_3_Final,1,abbruchkriterium,6,1244.7506312402318,944.6025014411405,297.3940816131033,2.7540481859877635,0.0,"[1, 2, 3, 4, 5, 6, 7]","[320808.7435974554, 2428.4006329352264, 1509.1797824944863, 1353.7490793842958, 1284.0549643023883, 1244.7506312402318, 1253.6104019455986]","[72.4429, 140.3526, 115.3698, 92.8956, 101.7089, 106.6188, 112.2872]",741.6758,1.0,1.0,1.0,0.15,AAAABB,6,76,"[12, 12, 12, 12, 12, 16]","[[-4.8918, -6.1937, -9.9493, -2.291, -5.931, -0.1845, -5.9126, 2.4651, -9.9485, -9.1941, -0.276, -7.6807], [5.8451, -0.8037, -0.0677, 3.3024, 3.1453, 9.9344, 9.5341, 1.2522, 2.4654, 6.1782, 9.948, 7.9582], [0.7325, 5.2289, -7.3311, 9.3066, -9.9495, 6.7433, -3.4001, 5.9033, -9.95, 0.4205, -5.5496, -1.0707], [4.3287, -4.9023, 5.8726, 0.3402, 9.9264, -1.2284, 5.127, 4.7083, 9.9428, -7.5826, 1.7781, -8.0788], [-4.6254, -9.9459, 6.9139, -9.9463, 6.7543, -3.5021, 3.4334, -4.6427, 1.4319, -9.9497, -2.755, -4.5745], [-2.2326, 0.4021, 0.3575, 6.8681, 4.2224, 9.9411, 5.3951, 5.9315, 2.0137, -1.0274, -5.8441, 6.7687]]"
tpat_s3_S3_N6_wm1.0_wo1.0_tp40_eps0.0001_r18,Szenario_3_Final,1,abbruchkriterium,6,1222.5322004565976,923.264712476885,295.738706392902,3.5287815868106325,0.0,"[1, 2, 3, 4, 5, 6, 7]","[677139.5895205424, 2428.136853423903, 1456.589981229268, 1423.0590384584648, 1272.8270444601837, 1222.5322004565976, 1236.9316359971644]","[98.0791, 122.0641, 191.5548, 118.3864, 135.6329, 113.0001, 103.1137]",881.8311,1.0,1.0,1.0,0.15,AAAABB,6,76,"[12, 12, 12, 12, 12, 16]","[[-9.9437, -9.8932, -5.8057, 1.7262, -5.7558, -0.0705, -5.9425, -9.4726, -1.7693, -6.5796, -9.9481, -3.5755], [9.9466, 2.4752, 4.3967, 6.0499, 5.9501, -2.3868, 5.8306, 0.1663, 9.9429, 9.1326, 0.0715, 8.177], [-5.7162, -3.2861, -5.6418, 0.8834, -1.5017, 8.3026, -3.3162, 6.0085, -9.9487, 8.3255, -9.9495, 0.8897], [0.0506, -4.9228, 5.6632, 1.3631, 4.5407, -4.8773, 1.6139, -8.1152, 9.9499, -0.7122, 9.9431, -8.7856], [-4.1515, -4.6148, 6.4048, -3.6072, -1.8779, -4.6056, 3.0587, -4.6465, 4.7112, -9.9483, -2.9581, -9.9479], [-3.0257, 9.9493, -5.1979, 5.9016, 1.0977, 6.191, -2.2612, 0.8592, 6.7184, 7.6353, 2.1572, -1.1578]]"
tpat_s3_S3_N6_wm1.0_wo1.0_tp20_eps0.0001_r19,Szenario_3_Final,1,abbruchkriterium,6,1236.5833079227557,931.8606313936939,301.9991609411504,2.723515587911329,0.0,"[1, 2, 3, 4, 5, 6, 7]","[6080.464838372741, 2432.740051595097, 1585.1092821651384, 1393.9974709849225, 1254.5859061947226, 1236.5833079227557, 1259.075002207718]","[145.4964, 92.634, 72.2034, 72.3621, 73.258, 71.4518, 107.4675]",634.8732,1.0,1.0,1.0,0.15,AAAABB,6,76,"[12, 12, 12, 12, 12, 16]","[[-4.5577, -9.1679, -3.7686, -5.0175, 0.5725, -8.2185, -9.9157, -9.899, -9.9492, -3.7559, -5.7997, 1.427], [1.5944, 8.8811, 8.7012, 9.9328, 3.6713, 5.1051, 0.2104, 7.9092, 9.9486, 4.4554, 5.7916, -1.5989], [-5.7681, -3.0315, -2.9101, 6.5033, -1.9006, 7.8329, -5.6491, 0.9212, -9.9438, 8.3914, -9.95, 1.0221], [5.8162, 3.2081, -0.832, -4.9494, 5.8074, -0.789, 9.9474, -0.5109, 9.9461, -7.3838, 2.6778, -7.0076], [6.1037, -3.706, 6.0784, -9.9394, 2.8542, -4.6462, 3.7522, -9.9461, -3.2423, -4.5623, -2.7183, -9.9496], [-1.1559, 6.3638, 5.1804, 5.7105, 2.8727, 9.9407, 2.2162, 0.9916, -2.2469, -1.2381, -6.783, 7.4916]]"
tpat_s3_S3_N6_wm1.0_wo1.0_tp10_eps0.0001_r20,Szenario_3_Final,1,abbruchkriterium,6,1248.4353543619127,940.7971666193521,304.27089584605807,3.3570701804564433,0.010221716046003422,"[1, 2, 3, 4, 5, 6, 7]","[240526.02639165375, 2362.091394370166, 1589.5007440192583, 1429.1806149699282, 1250.5958934132318, 1248.4353543619127, 1292.808898165495]","[175.5678, 158.3338, 150.1814, 131.5551, 98.2974, 110.6898, 90.4997]",915.125,1.0,1.0,1.0,0.15,AAAABB,6,76,"[12, 12, 12, 12, 12, 16]","[[-5.0145, -5.9589, -9.9458, -8.3912, -9.9292, -2.1434, -9.9432, -9.6937, -0.4656, -7.5818, -5.788, 1.1898], [9.9475, 2.5654, -0.4417, 3.2058, 6.3557, 6.5692, 9.947, 9.5076, 0.2857, 7.9775, 5.7291, -1.3397], [-5.6836, -1.615, -9.9479, 0.4081, -5.7628, 2.602, -0.2297, 4.5149, -1.0947, 8.9705, -9.9455, 8.1319], [9.9218, -9.0265, 3.905, -5.4058, 9.9482, -1.2753, 9.9323, -5.9972, 5.7141, 1.9353, 2.1824, -7.5747], [1.1506, -4.6787, -3.0029, -9.9414, 4.8645, -9.9148, 1.6057, -9.9436, -3.6424, -4.5826, 6.7373, -3.5955], [2.6092, 6.6646, -5.9906, 6.6802, 6.5195, 7.2732, -1.9824, 8.6926, -2.3924, 0.6984, 2.3658, -0.8855]]"
tpat_s3_S3_N6_wm1.0_wo1.0_tp20_eps0.0001_r20,Szenario_3_Final,1,abbruchkriterium,5,1254.753565863577,1000.7143897408141,249.71505243697584,4.324123685787095,0.0,"[1, 2, 3, 4, 5, 6]","[615706.4336962849, 2436.7484648489376, 1491.8972770322725, 1402.9093640671358, 1254.753565863577, 1261.570230093087]","[114.8377, 107.4921, 96.1412, 140.7622, 172.3033, 104.0423]",735.5788,1.0,1.0,1.0,0.15,AAAABB,6,76,"[14, 16, 16, 18, 12]","[[9.9428, 1.7834, 9.9456, -3.4848, -0.9227, 6.985, 3.7073, 6.8085, 9.9392, 8.1346, 5.5005, -0.4617], [-3.0842, 9.9457, -2.2574, 0.9012, 1.1657, 6.2701, -5.184, 5.9014, 2.1527, -1.149, 6.7314, 7.6209], [-1.3635, -9.9444, 1.1245, -4.8291, -5.6349, 0.568, -3.8065, -4.9223, -9.6443, -9.7836, -9.9493, -1.278], [5.781, -0.1409, 6.394, -7.9906, 0.5927, -9.9462, 9.2031, -9.9455, -0.2314, -4.5594, 9.2604, -1.6915], [-1.0824, 8.9178, 0.7055, 4.7432, -9.9497, -0.0409, -3.9442, 6.1472, -9.9433, 6.8397, -5.5623, -1.0296]]"
tpat_s3_S3_N6_wm1.0_wo1.0_tp10_eps0.0001_r21,Szenario_3_Final,1,abbruchkriterium,6,1248.563516349374,948.9358763899938,297.0357780016071,2.591861957772757,0.0,"[1, 2, 3, 4, 5, 6, 7]","[407170.72238203144, 2399.213843477739, 1427.7885426574285, 1423.0443520133952, 1283.664071308626, 1248.563516349374, 1261.5091233665432]","[106.5079, 87.0, 113.6597, 102.728, 107.0163, 72.7599, 89.6971]",679.3689,1.0,1.0,1.0,0.15,AAAABB,6,76,"[12, 12, 12, 12, 12, 16]","[[-9.5067, -1.2492, -5.8461, 1.6609, -4.628, -9.9411, 0.6803, -8.3301, -9.9472, -7.6237, -3.769, -5.0858], [5.7163, 0.1385, 6.8183, 9.9306, 2.1681, 3.8049, 9.537, -0.2606, 9.9492, 6.5649, 1.1724, 7.2889], [-6.8709, 6.0344, -9.9185, 8.6104, 1.017, 4.6178, -9.949, 1.3468, -5.5594, -1.5402, -1.8013, 8.0627], [9.9478, -1.2122, 5.8762, 0.0875, 3.7228, -5.6125, 5.0122, 4.7645, 1.6788, -8.1691, 9.9495, -7.5248], [-3.1622, -9.9486, -3.1906, -4.701, -5.9087, -3.8074, 0.7586, -4.6239, 6.4369, -3.6982, 3.0944, -9.9496], [-3.1111, 9.9448, -2.2602, 0.822, -5.0996, 5.8073, 1.0763, 6.2853, 6.6418, 7.6053, 2.1661, -1.1514]]"
tpat_s3_S3_N6_wm1.0_wo1.0_tp20_eps0.0001_r21,Szenario_3_Final,1,abbruchkriterium,6,1241.244405292511,945.2374498097549,292.0917656597355,3.8372863131502415,0.07790350987030269,"[1, 2, 3, 4, 5, 6, 7]","[334475.7084772682, 2280.805707484783, 1467.6121804856123, 1432.677763837163, 1283.0305809611634, 1241.244405292511, 1264.598059295024]","[128.3258, 73.48, 105.1244, 111.6797, 185.6781, 123.2209, 106.0524]",833.5613,1.0,1.0,1.0,0.15,AAAABB,6,76,"[12, 12, 12, 12, 12, 16]","[[-6.3474, 0.755, -3.6039, -5.1886, -7.9496, -9.9449, -5.8628, 2.1615, -9.9465, -4.8994, -0.1895, -7.78], [-0.8231, 3.7568, 3.4124, 5.3342, 5.6081, -0.1241, 3.0661, 9.3629, 9.9491, 8.3384, 9.9329, 0.6611], [-1.319, 8.5065, -9.9497, 0.4721, -3.6024, 5.6046, -5.1184, 9.6977, -5.5887, -1.0376, -9.9434, 6.741], [1.9402, -7.9073, 9.7906, -1.5519, 3.4344, -6.1477, 2.6197, -6.9314, 9.9363, -7.9037, 5.7413, 1.2026], [-3.2979, -4.6059, 5.832, -3.8067, 1.1788, -4.5516, 2.1083, -9.95, 6.1489, -9.9482, -3.5199, -9.9487], [-4.0997, 5.0003, -2.327, -0.6188, 6.5678, 8.4712, 3.3544, 7.1938, 2.2305, 0.64, -3.4689, 9.2794]]"
tpat_s3_S3_N6_wm1.0_wo1.0_tp10_eps0.0001_r22,Szenario_3_Final,1,abbruchkriterium,6,1234.54720024403,937.7107316000885,294.3870830047923,2.3597324344764097,0.0896532046726357,"[1, 2, 3, 4, 5, 6, 7]","[122519.78269129292, 2483.2962802587163, 1511.205710065905, 1363.1479559882564, 1314.2531291780867, 1234.54720024403, 1260.35556137591]","[230.3887, 168.9905, 167.8115, 73.1279, 76.5238, 83.4201, 139.4202]",939.6827,1.0,1.0,1.0,0.15,AAAABB,6,76,"[12, 12, 12, 12, 12, 16]","[[-8.649, 1.8703, -9.9379, -8.7783, -5.7297, -2.3706, -9.948, -1.962, -9.9386, -9.8203, -1.3625, -6.914], [0.1248, 8.1753, 0.0986, 1.089, 3.6036, 6.7431, 9.9497, 1.2585, 5.7227, -0.5705, 9.9493, 7.8324], [-5.7087, -0.7306, -5.7632, -3.232, -4.0061, 5.1111, -9.9449, 1.1942, -9.9469, 7.6678, -1.7819, 8.0714], [4.4044, -4.8004, 9.9347, -8.0274, 5.6495, 1.4347, 9.9494, -9.3998, 1.9832, -7.8726, 9.9439, -1.0754], [-3.0253, -4.6974, 1.0985, -4.6204, -2.8975, -9.9436, -6.0461, -3.858, 3.4946, -9.9485, 6.4683, -3.6995], [-4.2994, 5.1022, 1.8365, 5.0282, 2.1229, -0.6973, -2.025, -0.2221, 6.3841, 8.2975, -3.6059, 9.9467]]"
tpat_s3_S3_N6_wm1.0_wo1.0_tp40_eps0.0001_r22,Szenario_3_Final,1,abbruchkriterium,6,1236.1052991828462,928.1096600120806,304.71544948006823,3.280189690697472,0.0,"[1, 2, 3, 4, 5, 6, 7]","[580339.3278565581, 2276.811941925725, 1496.2785289356104, 1383.0960814855946, 1272.339007100345, 1236.1052991828462, 1260.1294477122929]","[140.9868, 75.9816, 131.2929, 144.5933, 81.7662, 75.2447, 73.7358]",723.6013,1.0,1.0,1.0,0.15,AAAABB,6,76,"[12, 12, 12, 12, 12, 16]","[[-9.287, 1.2378, -5.7828, 0.4904, -4.5185, -4.8954, -9.9467, -3.6468, -0.2089, -7.7871, -9.8875, -9.8565], [9.9408, 3.6891, 9.9339, -0.2821, 3.6325, 6.505, 0.2082, 7.9284, 5.6165, -0.1643, 9.9475, 9.7036], [-5.8013, -3.2207, 0.3786, 4.5003, -9.9484, 0.3312, -5.7239, 0.6681, -2.4829, 7.2609, -9.948, 7.3415], [5.6802, -1.395, 5.7569, 2.2388, 9.9482, 0.5439, 9.9489, -9.9298, 9.9465, -5.8359, 2.3816, -7.3652], [-3.1012, -9.9149, 1.4861, -9.9494, 4.8413, -9.9445, 1.9836, -4.6588, 8.442, -2.9954, -3.5456, -4.5657], [-0.7069, 9.9481, -2.3995, 5.4613, -6.2993, 6.9103, -2.2833, -0.3521, 2.21, -0.3083, 5.3059, 7.2194]]"
tpat_s3_S3_N6_wm1.0_wo1.0_tp15_eps0.0001_r23,Szenario_3_Final,1,abbruchkriterium,6,1265.3316598881459,945.1555530320962,316.61746394023646,3.5311928581399794,0.02745005767328779,"[1, 2, 3, 4, 5, 6, 7]","[136117.750955959, 2235.377015223487, 1548.1388011778422, 1342.4959775659195, 1283.9152586153484, 1265.3316598881459, 1277.4441726400196]","[101.8199, 85.4618, 88.5098, 78.1781, 73.5268, 86.1281, 78.697]",592.3215,1.0,1.0,1.0,0.15,AAAABB,6,76,"[12, 12, 12, 12, 12, 16]","[[-5.7986, 2.3297, -5.9246, -2.7179, -9.9496, -1.2532, 1.0153, -4.895, -9.9489, -8.6475, -1.7424, -8.0097], [9.9493, 8.3632, 4.7459, 5.8848, 9.943, 9.9007, 9.944, 2.3262, 5.791, -1.1347, 0.0689, 8.1896], [-4.3035, 4.8003, -9.9474, 7.7978, -9.9414, 8.9992, -5.609, -1.3524, -9.945, 0.5779, -1.7864, 8.07], [6.9736, -5.9771, 9.9488, -8.5038, -1.2265, -4.8695, 9.9463, -2.0383, 1.0871, -8.8746, 5.6281, 1.772], [-4.5527, -9.9459, 6.9044, -9.9315, 6.4013, -3.6024, -4.8434, -4.8156, 1.4792, -9.9499, 0.533, -4.5002], [2.9054, 9.9149, 5.198, 5.7904, -1.0899, 6.3128, 2.2341, 0.8948, -2.2508, -1.243, -6.6629, 7.5253]]"
